[26-Nov-2025 17:38:18 UTC] Erro ao carregar página de vendas: SQLSTATE[42000]: Syntax error or access violation: 1064 You have an error in your SQL syntax; check the manual that corresponds to your MySQL server version for the right syntax to use near ''50'' at line 5 em /var/www/site2.com/public_html/app/Services/VendaService.php:104
[26-Nov-2025 17:52:23 UTC] Erro ao carregar página de vendas: SQLSTATE[42000]: Syntax error or access violation: 1064 You have an error in your SQL syntax; check the manual that corresponds to your MySQL server version for the right syntax to use near ''50'' at line 5 em /var/www/site2.com/public_html/app/Models/Venda.php:56
[26-Nov-2025 17:52:28 UTC] Erro ao carregar página de vendas: SQLSTATE[42000]: Syntax error or access violation: 1064 You have an error in your SQL syntax; check the manual that corresponds to your MySQL server version for the right syntax to use near ''50'' at line 5 em /var/www/site2.com/public_html/app/Models/Venda.php:56
[26-Nov-2025 17:52:53 UTC] Erro ao carregar página de vendas: SQLSTATE[42000]: Syntax error or access violation: 1064 You have an error in your SQL syntax; check the manual that corresponds to your MySQL server version for the right syntax to use near ''50'' at line 5 em /var/www/site2.com/public_html/app/Models/Venda.php:56
[26-Nov-2025 17:54:11 UTC] Erro ao carregar página de vendas: SQLSTATE[42000]: Syntax error or access violation: 1064 You have an error in your SQL syntax; check the manual that corresponds to your MySQL server version for the right syntax to use near ''50'' at line 5 em /var/www/site2.com/public_html/app/Models/Venda.php:56
[26-Nov-2025 17:56:54 UTC] Erro ao carregar página de vendas: SQLSTATE[42000]: Syntax error or access violation: 1064 You have an error in your SQL syntax; check the manual that corresponds to your MySQL server version for the right syntax to use near ''50'' at line 5 em /var/www/site2.com/public_html/app/Models/Venda.php:56
[26-Nov-2025 17:57:52 UTC] Erro ao carregar página de vendas: SQLSTATE[42000]: Syntax error or access violation: 1064 You have an error in your SQL syntax; check the manual that corresponds to your MySQL server version for the right syntax to use near ''50'' at line 5 em /var/www/site2.com/public_html/app/Models/Venda.php:56
[26-Nov-2025 17:59:06 UTC] Erro ao carregar página de vendas: SQLSTATE[42000]: Syntax error or access violation: 1064 You have an error in your SQL syntax; check the manual that corresponds to your MySQL server version for the right syntax to use near ''50'' at line 5 em /var/www/site2.com/public_html/app/Models/Venda.php:56
[26-Nov-2025 17:59:11 UTC] Erro ao carregar página de vendas: SQLSTATE[42000]: Syntax error or access violation: 1064 You have an error in your SQL syntax; check the manual that corresponds to your MySQL server version for the right syntax to use near ''50'' at line 5 em /var/www/site2.com/public_html/app/Models/Venda.php:56
[26-Nov-2025 18:02:42 UTC] Erro ao carregar página de vendas: SQLSTATE[42000]: Syntax error or access violation: 1064 You have an error in your SQL syntax; check the manual that corresponds to your MySQL server version for the right syntax to use near ''50'' at line 5 em /var/www/site2.com/public_html/app/Models/Venda.php:56
[26-Nov-2025 18:03:14 UTC] Tentando carregar view: /var/www/site2.com/public_html/app/Controllers/../../src/views/home.php
[26-Nov-2025 18:03:14 UTC] View existe: SIM
[26-Nov-2025 18:03:15 UTC] Erro ao carregar página de vendas: SQLSTATE[42000]: Syntax error or access violation: 1064 You have an error in your SQL syntax; check the manual that corresponds to your MySQL server version for the right syntax to use near ''50'' at line 5 em /var/www/site2.com/public_html/app/Models/Venda.php:56
[26-Nov-2025 18:03:39 UTC] Erro ao carregar página de vendas: SQLSTATE[42000]: Syntax error or access violation: 1064 You have an error in your SQL syntax; check the manual that corresponds to your MySQL server version for the right syntax to use near ''50'' at line 5 em /var/www/site2.com/public_html/app/Models/Venda.php:56
[26-Nov-2025 18:03:40 UTC] Erro ao carregar página de vendas: SQLSTATE[42000]: Syntax error or access violation: 1064 You have an error in your SQL syntax; check the manual that corresponds to your MySQL server version for the right syntax to use near ''50'' at line 5 em /var/www/site2.com/public_html/app/Models/Venda.php:56
[26-Nov-2025 18:03:41 UTC] Erro ao carregar página de vendas: SQLSTATE[42000]: Syntax error or access violation: 1064 You have an error in your SQL syntax; check the manual that corresponds to your MySQL server version for the right syntax to use near ''50'' at line 5 em /var/www/site2.com/public_html/app/Models/Venda.php:56
[26-Nov-2025 18:03:42 UTC] Erro ao carregar página de vendas: SQLSTATE[42000]: Syntax error or access violation: 1064 You have an error in your SQL syntax; check the manual that corresponds to your MySQL server version for the right syntax to use near ''50'' at line 5 em /var/www/site2.com/public_html/app/Models/Venda.php:56
[26-Nov-2025 18:03:42 UTC] Erro ao carregar página de vendas: SQLSTATE[42000]: Syntax error or access violation: 1064 You have an error in your SQL syntax; check the manual that corresponds to your MySQL server version for the right syntax to use near ''50'' at line 5 em /var/www/site2.com/public_html/app/Models/Venda.php:56
[26-Nov-2025 18:03:42 UTC] Erro ao carregar página de vendas: SQLSTATE[42000]: Syntax error or access violation: 1064 You have an error in your SQL syntax; check the manual that corresponds to your MySQL server version for the right syntax to use near ''50'' at line 5 em /var/www/site2.com/public_html/app/Models/Venda.php:56
[26-Nov-2025 18:03:42 UTC] Erro ao carregar página de vendas: SQLSTATE[42000]: Syntax error or access violation: 1064 You have an error in your SQL syntax; check the manual that corresponds to your MySQL server version for the right syntax to use near ''50'' at line 5 em /var/www/site2.com/public_html/app/Models/Venda.php:56
[26-Nov-2025 18:03:42 UTC] Erro ao carregar página de vendas: SQLSTATE[42000]: Syntax error or access violation: 1064 You have an error in your SQL syntax; check the manual that corresponds to your MySQL server version for the right syntax to use near ''50'' at line 5 em /var/www/site2.com/public_html/app/Models/Venda.php:56
[26-Nov-2025 18:03:42 UTC] Erro ao carregar página de vendas: SQLSTATE[42000]: Syntax error or access violation: 1064 You have an error in your SQL syntax; check the manual that corresponds to your MySQL server version for the right syntax to use near ''50'' at line 5 em /var/www/site2.com/public_html/app/Models/Venda.php:56
[26-Nov-2025 18:03:47 UTC] Tentando carregar view: /var/www/site2.com/public_html/app/Controllers/../../src/views/home.php
[26-Nov-2025 18:03:47 UTC] View existe: SIM
[26-Nov-2025 18:03:49 UTC] Tentando carregar view: /var/www/site2.com/public_html/app/Controllers/../../src/views/home.php
[26-Nov-2025 18:03:49 UTC] View existe: SIM
[26-Nov-2025 18:04:10 UTC] Tentando carregar view: /var/www/site2.com/public_html/app/Controllers/../../src/views/home.php
[26-Nov-2025 18:04:10 UTC] View existe: SIM
[26-Nov-2025 18:04:12 UTC] Tentando carregar view: /var/www/site2.com/public_html/app/Controllers/../../src/views/home.php
[26-Nov-2025 18:04:12 UTC] View existe: SIM
[26-Nov-2025 18:04:20 UTC] Tentando carregar view: /var/www/site2.com/public_html/app/Controllers/../../src/views/login.php
[26-Nov-2025 18:04:20 UTC] View existe: SIM
[26-Nov-2025 18:04:24 UTC] Tentando carregar view: /var/www/site2.com/public_html/app/Controllers/../../src/views/login.php
[26-Nov-2025 18:04:24 UTC] View existe: SIM
[26-Nov-2025 18:04:24 UTC] Tentando carregar view: /var/www/site2.com/public_html/app/Controllers/../../src/views/login.php
[26-Nov-2025 18:04:24 UTC] View existe: SIM
[26-Nov-2025 18:04:24 UTC] Tentando carregar view: /var/www/site2.com/public_html/app/Controllers/../../src/views/login.php
[26-Nov-2025 18:04:24 UTC] View existe: SIM
[26-Nov-2025 18:04:24 UTC] Tentando carregar view: /var/www/site2.com/public_html/app/Controllers/../../src/views/login.php
[26-Nov-2025 18:04:24 UTC] View existe: SIM
[26-Nov-2025 18:04:24 UTC] Tentando carregar view: /var/www/site2.com/public_html/app/Controllers/../../src/views/login.php
[26-Nov-2025 18:04:24 UTC] View existe: SIM
[26-Nov-2025 18:04:24 UTC] Tentando carregar view: /var/www/site2.com/public_html/app/Controllers/../../src/views/login.php
[26-Nov-2025 18:04:24 UTC] View existe: SIM
[26-Nov-2025 18:04:25 UTC] Tentando carregar view: /var/www/site2.com/public_html/app/Controllers/../../src/views/login.php
[26-Nov-2025 18:04:25 UTC] View existe: SIM
[26-Nov-2025 18:04:25 UTC] Tentando carregar view: /var/www/site2.com/public_html/app/Controllers/../../src/views/login.php
[26-Nov-2025 18:04:25 UTC] View existe: SIM
[26-Nov-2025 18:04:25 UTC] Tentando carregar view: /var/www/site2.com/public_html/app/Controllers/../../src/views/login.php
[26-Nov-2025 18:04:25 UTC] View existe: SIM
[26-Nov-2025 18:04:25 UTC] Tentando carregar view: /var/www/site2.com/public_html/app/Controllers/../../src/views/login.php
[26-Nov-2025 18:04:25 UTC] View existe: SIM
[26-Nov-2025 18:04:25 UTC] Tentando carregar view: /var/www/site2.com/public_html/app/Controllers/../../src/views/login.php
[26-Nov-2025 18:04:25 UTC] View existe: SIM
[26-Nov-2025 18:04:26 UTC] Tentando carregar view: /var/www/site2.com/public_html/app/Controllers/../../src/views/login.php
[26-Nov-2025 18:04:26 UTC] View existe: SIM
[26-Nov-2025 18:04:36 UTC] === PROCESSAR LOGIN (AuthController) ===
[26-Nov-2025 18:04:36 UTC] Tentativa de login: email=kennedy@email.com, lembrar=
[26-Nov-2025 18:04:36 UTC] Login válido - configurando sessão e cookies
[26-Nov-2025 18:04:36 UTC] Limpando cookie de lembrar dados - LEMBRAR DESATIVADO
[26-Nov-2025 18:04:36 UTC] Redirecionando para /home
[26-Nov-2025 18:04:36 UTC] Tentando carregar view: /var/www/site2.com/public_html/app/Controllers/../../src/views/home.php
[26-Nov-2025 18:04:36 UTC] View existe: SIM
[26-Nov-2025 18:04:38 UTC] Erro ao carregar página de vendas: SQLSTATE[42000]: Syntax error or access violation: 1064 You have an error in your SQL syntax; check the manual that corresponds to your MySQL server version for the right syntax to use near ''50'' at line 5 em /var/www/site2.com/public_html/app/Models/Venda.php:56
[26-Nov-2025 18:04:42 UTC] Tentando carregar view: /var/www/site2.com/public_html/app/Controllers/../../src/views/home.php
[26-Nov-2025 18:04:42 UTC] View existe: SIM
[26-Nov-2025 18:06:20 UTC] Tentando carregar view: /var/www/site2.com/public_html/app/Controllers/../../src/views/home.php
[26-Nov-2025 18:06:20 UTC] View existe: SIM
[26-Nov-2025 18:06:21 UTC] === INICIANDO VENDACONTROLLER::INDEX ===
[26-Nov-2025 18:06:21 UTC] 1. Verificando VendaService...
[26-Nov-2025 18:06:21 UTC] === ERRO NO VENDACONTROLLER::INDEX ===
[26-Nov-2025 18:06:21 UTC] Mensagem: SQLSTATE[42000]: Syntax error or access violation: 1064 You have an error in your SQL syntax; check the manual that corresponds to your MySQL server version for the right syntax to use near ''50'' at line 5
[26-Nov-2025 18:06:21 UTC] Arquivo: /var/www/site2.com/public_html/app/Models/Venda.php:56
[26-Nov-2025 18:06:21 UTC] Stack trace: #0 /var/www/site2.com/public_html/app/Models/Venda.php(56): PDOStatement->execute()
#1 /var/www/site2.com/public_html/app/Services/VendaService.php(98): App\Models\Venda->listar()
#2 /var/www/site2.com/public_html/app/Controllers/VendaController.php(26): App\Services\VendaService->getHistoricoVendas()
#3 /var/www/site2.com/public_html/index.php(118): App\Controllers\VendaController->index()
#4 {main}
[26-Nov-2025 18:06:21 UTC] Erro ao carregar página de vendas: SQLSTATE[42000]: Syntax error or access violation: 1064 You have an error in your SQL syntax; check the manual that corresponds to your MySQL server version for the right syntax to use near ''50'' at line 5 em /var/www/site2.com/public_html/app/Models/Venda.php:56
[26-Nov-2025 18:06:36 UTC] === INICIANDO VENDACONTROLLER::INDEX ===
[26-Nov-2025 18:06:36 UTC] 1. Verificando VendaService...
[26-Nov-2025 18:06:36 UTC] === ERRO NO VENDACONTROLLER::INDEX ===
[26-Nov-2025 18:06:36 UTC] Mensagem: SQLSTATE[42000]: Syntax error or access violation: 1064 You have an error in your SQL syntax; check the manual that corresponds to your MySQL server version for the right syntax to use near ''50'' at line 5
[26-Nov-2025 18:06:36 UTC] Arquivo: /var/www/site2.com/public_html/app/Models/Venda.php:56
[26-Nov-2025 18:06:36 UTC] Stack trace: #0 /var/www/site2.com/public_html/app/Models/Venda.php(56): PDOStatement->execute()
#1 /var/www/site2.com/public_html/app/Services/VendaService.php(98): App\Models\Venda->listar()
#2 /var/www/site2.com/public_html/app/Controllers/VendaController.php(26): App\Services\VendaService->getHistoricoVendas()
#3 /var/www/site2.com/public_html/index.php(118): App\Controllers\VendaController->index()
#4 {main}
[26-Nov-2025 18:06:36 UTC] Erro ao carregar página de vendas: SQLSTATE[42000]: Syntax error or access violation: 1064 You have an error in your SQL syntax; check the manual that corresponds to your MySQL server version for the right syntax to use near ''50'' at line 5 em /var/www/site2.com/public_html/app/Models/Venda.php:56
[26-Nov-2025 18:06:37 UTC] === INICIANDO VENDACONTROLLER::INDEX ===
[26-Nov-2025 18:06:37 UTC] 1. Verificando VendaService...
[26-Nov-2025 18:06:37 UTC] === ERRO NO VENDACONTROLLER::INDEX ===
[26-Nov-2025 18:06:37 UTC] Mensagem: SQLSTATE[42000]: Syntax error or access violation: 1064 You have an error in your SQL syntax; check the manual that corresponds to your MySQL server version for the right syntax to use near ''50'' at line 5
[26-Nov-2025 18:06:37 UTC] Arquivo: /var/www/site2.com/public_html/app/Models/Venda.php:56
[26-Nov-2025 18:06:37 UTC] Stack trace: #0 /var/www/site2.com/public_html/app/Models/Venda.php(56): PDOStatement->execute()
#1 /var/www/site2.com/public_html/app/Services/VendaService.php(98): App\Models\Venda->listar()
#2 /var/www/site2.com/public_html/app/Controllers/VendaController.php(26): App\Services\VendaService->getHistoricoVendas()
#3 /var/www/site2.com/public_html/index.php(118): App\Controllers\VendaController->index()
#4 {main}
[26-Nov-2025 18:06:37 UTC] Erro ao carregar página de vendas: SQLSTATE[42000]: Syntax error or access violation: 1064 You have an error in your SQL syntax; check the manual that corresponds to your MySQL server version for the right syntax to use near ''50'' at line 5 em /var/www/site2.com/public_html/app/Models/Venda.php:56
[26-Nov-2025 18:06:37 UTC] === INICIANDO VENDACONTROLLER::INDEX ===
[26-Nov-2025 18:06:37 UTC] 1. Verificando VendaService...
[26-Nov-2025 18:06:37 UTC] === ERRO NO VENDACONTROLLER::INDEX ===
[26-Nov-2025 18:06:37 UTC] Mensagem: SQLSTATE[42000]: Syntax error or access violation: 1064 You have an error in your SQL syntax; check the manual that corresponds to your MySQL server version for the right syntax to use near ''50'' at line 5
[26-Nov-2025 18:06:37 UTC] Arquivo: /var/www/site2.com/public_html/app/Models/Venda.php:56
[26-Nov-2025 18:06:37 UTC] Stack trace: #0 /var/www/site2.com/public_html/app/Models/Venda.php(56): PDOStatement->execute()
#1 /var/www/site2.com/public_html/app/Services/VendaService.php(98): App\Models\Venda->listar()
#2 /var/www/site2.com/public_html/app/Controllers/VendaController.php(26): App\Services\VendaService->getHistoricoVendas()
#3 /var/www/site2.com/public_html/index.php(118): App\Controllers\VendaController->index()
#4 {main}
[26-Nov-2025 18:06:37 UTC] Erro ao carregar página de vendas: SQLSTATE[42000]: Syntax error or access violation: 1064 You have an error in your SQL syntax; check the manual that corresponds to your MySQL server version for the right syntax to use near ''50'' at line 5 em /var/www/site2.com/public_html/app/Models/Venda.php:56
[26-Nov-2025 18:06:37 UTC] === INICIANDO VENDACONTROLLER::INDEX ===
[26-Nov-2025 18:06:37 UTC] 1. Verificando VendaService...
[26-Nov-2025 18:06:37 UTC] === ERRO NO VENDACONTROLLER::INDEX ===
[26-Nov-2025 18:06:37 UTC] Mensagem: SQLSTATE[42000]: Syntax error or access violation: 1064 You have an error in your SQL syntax; check the manual that corresponds to your MySQL server version for the right syntax to use near ''50'' at line 5
[26-Nov-2025 18:06:37 UTC] Arquivo: /var/www/site2.com/public_html/app/Models/Venda.php:56
[26-Nov-2025 18:06:37 UTC] Stack trace: #0 /var/www/site2.com/public_html/app/Models/Venda.php(56): PDOStatement->execute()
#1 /var/www/site2.com/public_html/app/Services/VendaService.php(98): App\Models\Venda->listar()
#2 /var/www/site2.com/public_html/app/Controllers/VendaController.php(26): App\Services\VendaService->getHistoricoVendas()
#3 /var/www/site2.com/public_html/index.php(118): App\Controllers\VendaController->index()
#4 {main}
[26-Nov-2025 18:06:37 UTC] Erro ao carregar página de vendas: SQLSTATE[42000]: Syntax error or access violation: 1064 You have an error in your SQL syntax; check the manual that corresponds to your MySQL server version for the right syntax to use near ''50'' at line 5 em /var/www/site2.com/public_html/app/Models/Venda.php:56
[26-Nov-2025 18:06:37 UTC] === INICIANDO VENDACONTROLLER::INDEX ===
[26-Nov-2025 18:06:37 UTC] 1. Verificando VendaService...
[26-Nov-2025 18:06:37 UTC] === ERRO NO VENDACONTROLLER::INDEX ===
[26-Nov-2025 18:06:37 UTC] Mensagem: SQLSTATE[42000]: Syntax error or access violation: 1064 You have an error in your SQL syntax; check the manual that corresponds to your MySQL server version for the right syntax to use near ''50'' at line 5
[26-Nov-2025 18:06:37 UTC] Arquivo: /var/www/site2.com/public_html/app/Models/Venda.php:56
[26-Nov-2025 18:06:37 UTC] Stack trace: #0 /var/www/site2.com/public_html/app/Models/Venda.php(56): PDOStatement->execute()
#1 /var/www/site2.com/public_html/app/Services/VendaService.php(98): App\Models\Venda->listar()
#2 /var/www/site2.com/public_html/app/Controllers/VendaController.php(26): App\Services\VendaService->getHistoricoVendas()
#3 /var/www/site2.com/public_html/index.php(118): App\Controllers\VendaController->index()
#4 {main}
[26-Nov-2025 18:06:37 UTC] Erro ao carregar página de vendas: SQLSTATE[42000]: Syntax error or access violation: 1064 You have an error in your SQL syntax; check the manual that corresponds to your MySQL server version for the right syntax to use near ''50'' at line 5 em /var/www/site2.com/public_html/app/Models/Venda.php:56
[26-Nov-2025 19:19:43 UTC] Tentando carregar view: /var/www/site2.com/public_html/app/Controllers/../../src/views/home.php
[26-Nov-2025 19:19:43 UTC] View existe: SIM
[26-Nov-2025 19:19:50 UTC] Tentando carregar view: /var/www/site2.com/public_html/app/Controllers/../../src/views/home.php
[26-Nov-2025 19:19:50 UTC] View existe: SIM
[26-Nov-2025 19:19:56 UTC] Tentando carregar view: /var/www/site2.com/public_html/app/Controllers/../../src/views/home.php
[26-Nov-2025 19:19:56 UTC] View existe: SIM
[26-Nov-2025 19:19:57 UTC] Tentando carregar view: /var/www/site2.com/public_html/app/Controllers/../../src/views/home.php
[26-Nov-2025 19:19:57 UTC] View existe: SIM
[26-Nov-2025 19:19:57 UTC] Tentando carregar view: /var/www/site2.com/public_html/app/Controllers/../../src/views/home.php
[26-Nov-2025 19:19:57 UTC] View existe: SIM
[26-Nov-2025 19:20:01 UTC] Tentando carregar view: /var/www/site2.com/public_html/app/Controllers/../../src/views/home.php
[26-Nov-2025 19:20:01 UTC] View existe: SIM
[26-Nov-2025 19:20:06 UTC] Tentando carregar view: /var/www/site2.com/public_html/app/Controllers/../../src/views/login.php
[26-Nov-2025 19:20:06 UTC] View existe: SIM
[26-Nov-2025 19:20:17 UTC] === PROCESSAR LOGIN (AuthController) ===
[26-Nov-2025 19:20:17 UTC] Tentativa de login: email=kennedy@email.com, lembrar=
[26-Nov-2025 19:20:17 UTC] Login válido - configurando sessão e cookies
[26-Nov-2025 19:20:17 UTC] Limpando cookie de lembrar dados - LEMBRAR DESATIVADO
[26-Nov-2025 19:20:17 UTC] Redirecionando para /home
[26-Nov-2025 19:20:17 UTC] Tentando carregar view: /var/www/site2.com/public_html/app/Controllers/../../src/views/home.php
[26-Nov-2025 19:20:17 UTC] View existe: SIM
[26-Nov-2025 19:20:20 UTC] === INICIANDO VENDACONTROLLER::INDEX ===
[26-Nov-2025 19:20:20 UTC] 1. Verificando VendaService...
[26-Nov-2025 19:20:20 UTC] Buscando histórico de vendas...
[26-Nov-2025 19:20:20 UTC] ERRO ao buscar vendas: SQLSTATE[42000]: Syntax error or access violation: 1064 You have an error in your SQL syntax; check the manual that corresponds to your MySQL server version for the right syntax to use near ''50'' at line 5
[26-Nov-2025 19:20:20 UTC] Vendas encontradas: 0
[26-Nov-2025 19:20:20 UTC] Total hoje: 64372.16
[26-Nov-2025 19:20:20 UTC] 2. Buscando produtos...
[26-Nov-2025 19:20:20 UTC] Produtos encontrados: 13
[26-Nov-2025 19:20:20 UTC] 3. Caminho da view: /var/www/site2.com/public_html/app/Controllers/../../src/views/vendas/index.php
[26-Nov-2025 19:20:20 UTC] View existe: SIM
[26-Nov-2025 19:20:20 UTC] Tentando carregar view: /var/www/site2.com/public_html/app/Controllers/../../src/views/vendas/index.php
[26-Nov-2025 19:20:20 UTC] View existe: SIM
[26-Nov-2025 19:20:20 UTC] === VENDACONTROLLER::INDEX FINALIZADO COM SUCESSO ===
[26-Nov-2025 19:20:20 UTC] Tentando carregar view: /var/www/site2.com/public_html/app/Controllers/../../src/views/login.php
[26-Nov-2025 19:20:20 UTC] View existe: SIM
[26-Nov-2025 19:20:25 UTC] Tentando carregar view: /var/www/site2.com/public_html/app/Controllers/../../src/views/home.php
[26-Nov-2025 19:20:25 UTC] View existe: SIM
[26-Nov-2025 19:20:26 UTC] === INICIANDO VENDACONTROLLER::INDEX ===
[26-Nov-2025 19:20:26 UTC] 1. Verificando VendaService...
[26-Nov-2025 19:20:26 UTC] Buscando histórico de vendas...
[26-Nov-2025 19:20:26 UTC] ERRO ao buscar vendas: SQLSTATE[42000]: Syntax error or access violation: 1064 You have an error in your SQL syntax; check the manual that corresponds to your MySQL server version for the right syntax to use near ''50'' at line 5
[26-Nov-2025 19:20:26 UTC] Vendas encontradas: 0
[26-Nov-2025 19:20:26 UTC] Total hoje: 64372.16
[26-Nov-2025 19:20:26 UTC] 2. Buscando produtos...
[26-Nov-2025 19:20:26 UTC] Produtos encontrados: 13
[26-Nov-2025 19:20:26 UTC] 3. Caminho da view: /var/www/site2.com/public_html/app/Controllers/../../src/views/vendas/index.php
[26-Nov-2025 19:20:26 UTC] View existe: SIM
[26-Nov-2025 19:20:26 UTC] Tentando carregar view: /var/www/site2.com/public_html/app/Controllers/../../src/views/vendas/index.php
[26-Nov-2025 19:20:26 UTC] View existe: SIM
[26-Nov-2025 19:20:26 UTC] === VENDACONTROLLER::INDEX FINALIZADO COM SUCESSO ===
[26-Nov-2025 19:20:35 UTC] === INICIANDO VENDACONTROLLER::INDEX ===
[26-Nov-2025 19:20:35 UTC] 1. Verificando VendaService...
[26-Nov-2025 19:20:35 UTC] Buscando histórico de vendas...
[26-Nov-2025 19:20:35 UTC] ERRO ao buscar vendas: SQLSTATE[42000]: Syntax error or access violation: 1064 You have an error in your SQL syntax; check the manual that corresponds to your MySQL server version for the right syntax to use near ''50'' at line 5
[26-Nov-2025 19:20:35 UTC] Vendas encontradas: 0
[26-Nov-2025 19:20:35 UTC] Total hoje: 64372.16
[26-Nov-2025 19:20:35 UTC] 2. Buscando produtos...
[26-Nov-2025 19:20:35 UTC] Produtos encontrados: 13
[26-Nov-2025 19:20:35 UTC] 3. Caminho da view: /var/www/site2.com/public_html/app/Controllers/../../src/views/vendas/index.php
[26-Nov-2025 19:20:35 UTC] View existe: SIM
[26-Nov-2025 19:20:35 UTC] Tentando carregar view: /var/www/site2.com/public_html/app/Controllers/../../src/views/vendas/index.php
[26-Nov-2025 19:20:35 UTC] View existe: SIM
[26-Nov-2025 19:20:35 UTC] === VENDACONTROLLER::INDEX FINALIZADO COM SUCESSO ===
[26-Nov-2025 19:25:14 UTC] === INICIANDO VENDACONTROLLER::INDEX ===
[26-Nov-2025 19:25:14 UTC] 1. Verificando VendaService...
[26-Nov-2025 19:25:14 UTC] Buscando histórico de vendas...
[26-Nov-2025 19:25:14 UTC] ERRO ao buscar vendas: SQLSTATE[42000]: Syntax error or access violation: 1064 You have an error in your SQL syntax; check the manual that corresponds to your MySQL server version for the right syntax to use near ''50'' at line 5
[26-Nov-2025 19:25:14 UTC] Vendas encontradas: 0
[26-Nov-2025 19:25:14 UTC] Total hoje: 64372.16
[26-Nov-2025 19:25:14 UTC] 2. Buscando produtos...
[26-Nov-2025 19:25:14 UTC] Produtos encontrados: 13
[26-Nov-2025 19:25:14 UTC] 3. Caminho da view: /var/www/site2.com/public_html/app/Controllers/../../src/views/vendas/index.php
[26-Nov-2025 19:25:14 UTC] View existe: SIM
[26-Nov-2025 19:25:14 UTC] Tentando carregar view: /var/www/site2.com/public_html/app/Controllers/../../src/views/vendas/index.php
[26-Nov-2025 19:25:14 UTC] View existe: SIM
[26-Nov-2025 19:25:14 UTC] === VENDACONTROLLER::INDEX FINALIZADO COM SUCESSO ===
[26-Nov-2025 19:28:15 UTC] === INICIANDO VENDACONTROLLER::INDEX ===
[26-Nov-2025 19:28:15 UTC] 1. Verificando VendaService...
[26-Nov-2025 19:28:15 UTC] Buscando histórico de vendas...
[26-Nov-2025 19:28:15 UTC] ERRO ao buscar vendas: SQLSTATE[42000]: Syntax error or access violation: 1064 You have an error in your SQL syntax; check the manual that corresponds to your MySQL server version for the right syntax to use near ''50'' at line 5
[26-Nov-2025 19:28:15 UTC] Vendas encontradas: 0
[26-Nov-2025 19:28:15 UTC] Total hoje: 64372.16
[26-Nov-2025 19:28:15 UTC] 2. Buscando produtos...
[26-Nov-2025 19:28:15 UTC] Produtos encontrados: 13
[26-Nov-2025 19:28:15 UTC] 3. Caminho da view: /var/www/site2.com/public_html/app/Controllers/../../src/views/vendas/index.php
[26-Nov-2025 19:28:15 UTC] View existe: SIM
[26-Nov-2025 19:28:15 UTC] Tentando carregar view: /var/www/site2.com/public_html/app/Controllers/../../src/views/vendas/index.php
[26-Nov-2025 19:28:15 UTC] View existe: SIM
[26-Nov-2025 19:28:15 UTC] === VENDACONTROLLER::INDEX FINALIZADO COM SUCESSO ===
[26-Nov-2025 19:33:10 UTC] === INICIANDO VENDACONTROLLER::INDEX ===
[26-Nov-2025 19:33:10 UTC] 1. Verificando VendaService...
[26-Nov-2025 19:33:10 UTC] Buscando histórico de vendas...
[26-Nov-2025 19:33:10 UTC] ERRO ao buscar vendas: SQLSTATE[42000]: Syntax error or access violation: 1064 You have an error in your SQL syntax; check the manual that corresponds to your MySQL server version for the right syntax to use near ''50'' at line 5
[26-Nov-2025 19:33:10 UTC] Vendas encontradas: 0
[26-Nov-2025 19:33:10 UTC] Total hoje: 64372.16
[26-Nov-2025 19:33:10 UTC] 2. Buscando produtos...
[26-Nov-2025 19:33:10 UTC] Produtos encontrados: 13
[26-Nov-2025 19:33:10 UTC] 3. Caminho da view: /var/www/site2.com/public_html/app/Controllers/../../src/views/vendas/index.php
[26-Nov-2025 19:33:10 UTC] View existe: SIM
[26-Nov-2025 19:33:10 UTC] Tentando carregar view: /var/www/site2.com/public_html/app/Controllers/../../src/views/vendas/index.php
[26-Nov-2025 19:33:10 UTC] View existe: SIM
[26-Nov-2025 19:33:10 UTC] === VENDACONTROLLER::INDEX FINALIZADO COM SUCESSO ===
[26-Nov-2025 19:33:22 UTC] === INICIANDO VENDACONTROLLER::INDEX ===
[26-Nov-2025 19:33:22 UTC] 1. Verificando VendaService...
[26-Nov-2025 19:33:22 UTC] Buscando histórico de vendas...
[26-Nov-2025 19:33:22 UTC] ERRO ao buscar vendas: SQLSTATE[42000]: Syntax error or access violation: 1064 You have an error in your SQL syntax; check the manual that corresponds to your MySQL server version for the right syntax to use near ''50'' at line 5
[26-Nov-2025 19:33:22 UTC] Vendas encontradas: 0
[26-Nov-2025 19:33:22 UTC] Total hoje: 64372.16
[26-Nov-2025 19:33:22 UTC] 2. Buscando produtos...
[26-Nov-2025 19:33:22 UTC] Produtos encontrados: 13
[26-Nov-2025 19:33:22 UTC] 3. Caminho da view: /var/www/site2.com/public_html/app/Controllers/../../src/views/vendas/index.php
[26-Nov-2025 19:33:22 UTC] View existe: SIM
[26-Nov-2025 19:33:22 UTC] Tentando carregar view: /var/www/site2.com/public_html/app/Controllers/../../src/views/vendas/index.php
[26-Nov-2025 19:33:22 UTC] View existe: SIM
[26-Nov-2025 19:33:22 UTC] === VENDACONTROLLER::INDEX FINALIZADO COM SUCESSO ===
[26-Nov-2025 19:33:22 UTC] === INICIANDO VENDACONTROLLER::INDEX ===
[26-Nov-2025 19:33:22 UTC] 1. Verificando VendaService...
[26-Nov-2025 19:33:22 UTC] Buscando histórico de vendas...
[26-Nov-2025 19:33:22 UTC] ERRO ao buscar vendas: SQLSTATE[42000]: Syntax error or access violation: 1064 You have an error in your SQL syntax; check the manual that corresponds to your MySQL server version for the right syntax to use near ''50'' at line 5
[26-Nov-2025 19:33:22 UTC] Vendas encontradas: 0
[26-Nov-2025 19:33:22 UTC] Total hoje: 64372.16
[26-Nov-2025 19:33:22 UTC] 2. Buscando produtos...
[26-Nov-2025 19:33:22 UTC] Produtos encontrados: 13
[26-Nov-2025 19:33:22 UTC] 3. Caminho da view: /var/www/site2.com/public_html/app/Controllers/../../src/views/vendas/index.php
[26-Nov-2025 19:33:22 UTC] View existe: SIM
[26-Nov-2025 19:33:22 UTC] Tentando carregar view: /var/www/site2.com/public_html/app/Controllers/../../src/views/vendas/index.php
[26-Nov-2025 19:33:22 UTC] View existe: SIM
[26-Nov-2025 19:33:22 UTC] === VENDACONTROLLER::INDEX FINALIZADO COM SUCESSO ===
[26-Nov-2025 19:33:23 UTC] === INICIANDO VENDACONTROLLER::INDEX ===
[26-Nov-2025 19:33:23 UTC] 1. Verificando VendaService...
[26-Nov-2025 19:33:23 UTC] Buscando histórico de vendas...
[26-Nov-2025 19:33:23 UTC] ERRO ao buscar vendas: SQLSTATE[42000]: Syntax error or access violation: 1064 You have an error in your SQL syntax; check the manual that corresponds to your MySQL server version for the right syntax to use near ''50'' at line 5
[26-Nov-2025 19:33:23 UTC] Vendas encontradas: 0
[26-Nov-2025 19:33:23 UTC] Total hoje: 64372.16
[26-Nov-2025 19:33:23 UTC] 2. Buscando produtos...
[26-Nov-2025 19:33:23 UTC] Produtos encontrados: 13
[26-Nov-2025 19:33:23 UTC] 3. Caminho da view: /var/www/site2.com/public_html/app/Controllers/../../src/views/vendas/index.php
[26-Nov-2025 19:33:23 UTC] View existe: SIM
[26-Nov-2025 19:33:23 UTC] Tentando carregar view: /var/www/site2.com/public_html/app/Controllers/../../src/views/vendas/index.php
[26-Nov-2025 19:33:23 UTC] View existe: SIM
[26-Nov-2025 19:33:23 UTC] === VENDACONTROLLER::INDEX FINALIZADO COM SUCESSO ===
[26-Nov-2025 19:33:23 UTC] === INICIANDO VENDACONTROLLER::INDEX ===
[26-Nov-2025 19:33:23 UTC] 1. Verificando VendaService...
[26-Nov-2025 19:33:23 UTC] Buscando histórico de vendas...
[26-Nov-2025 19:33:23 UTC] ERRO ao buscar vendas: SQLSTATE[42000]: Syntax error or access violation: 1064 You have an error in your SQL syntax; check the manual that corresponds to your MySQL server version for the right syntax to use near ''50'' at line 5
[26-Nov-2025 19:33:23 UTC] Vendas encontradas: 0
[26-Nov-2025 19:33:23 UTC] Total hoje: 64372.16
[26-Nov-2025 19:33:23 UTC] 2. Buscando produtos...
[26-Nov-2025 19:33:23 UTC] Produtos encontrados: 13
[26-Nov-2025 19:33:23 UTC] 3. Caminho da view: /var/www/site2.com/public_html/app/Controllers/../../src/views/vendas/index.php
[26-Nov-2025 19:33:23 UTC] View existe: SIM
[26-Nov-2025 19:33:23 UTC] Tentando carregar view: /var/www/site2.com/public_html/app/Controllers/../../src/views/vendas/index.php
[26-Nov-2025 19:33:23 UTC] View existe: SIM
[26-Nov-2025 19:33:23 UTC] === VENDACONTROLLER::INDEX FINALIZADO COM SUCESSO ===
[26-Nov-2025 19:33:23 UTC] === INICIANDO VENDACONTROLLER::INDEX ===
[26-Nov-2025 19:33:23 UTC] 1. Verificando VendaService...
[26-Nov-2025 19:33:23 UTC] Buscando histórico de vendas...
[26-Nov-2025 19:33:23 UTC] ERRO ao buscar vendas: SQLSTATE[42000]: Syntax error or access violation: 1064 You have an error in your SQL syntax; check the manual that corresponds to your MySQL server version for the right syntax to use near ''50'' at line 5
[26-Nov-2025 19:33:23 UTC] Vendas encontradas: 0
[26-Nov-2025 19:33:23 UTC] Total hoje: 64372.16
[26-Nov-2025 19:33:23 UTC] 2. Buscando produtos...
[26-Nov-2025 19:33:23 UTC] Produtos encontrados: 13
[26-Nov-2025 19:33:23 UTC] 3. Caminho da view: /var/www/site2.com/public_html/app/Controllers/../../src/views/vendas/index.php
[26-Nov-2025 19:33:23 UTC] View existe: SIM
[26-Nov-2025 19:33:23 UTC] Tentando carregar view: /var/www/site2.com/public_html/app/Controllers/../../src/views/vendas/index.php
[26-Nov-2025 19:33:23 UTC] View existe: SIM
[26-Nov-2025 19:33:23 UTC] === VENDACONTROLLER::INDEX FINALIZADO COM SUCESSO ===
[26-Nov-2025 19:33:23 UTC] === INICIANDO VENDACONTROLLER::INDEX ===
[26-Nov-2025 19:33:23 UTC] 1. Verificando VendaService...
[26-Nov-2025 19:33:23 UTC] Buscando histórico de vendas...
[26-Nov-2025 19:33:23 UTC] ERRO ao buscar vendas: SQLSTATE[42000]: Syntax error or access violation: 1064 You have an error in your SQL syntax; check the manual that corresponds to your MySQL server version for the right syntax to use near ''50'' at line 5
[26-Nov-2025 19:33:23 UTC] Vendas encontradas: 0
[26-Nov-2025 19:33:23 UTC] Total hoje: 64372.16
[26-Nov-2025 19:33:23 UTC] 2. Buscando produtos...
[26-Nov-2025 19:33:23 UTC] Produtos encontrados: 13
[26-Nov-2025 19:33:23 UTC] 3. Caminho da view: /var/www/site2.com/public_html/app/Controllers/../../src/views/vendas/index.php
[26-Nov-2025 19:33:23 UTC] View existe: SIM
[26-Nov-2025 19:33:23 UTC] Tentando carregar view: /var/www/site2.com/public_html/app/Controllers/../../src/views/vendas/index.php
[26-Nov-2025 19:33:23 UTC] View existe: SIM
[26-Nov-2025 19:33:23 UTC] === VENDACONTROLLER::INDEX FINALIZADO COM SUCESSO ===
[26-Nov-2025 19:33:24 UTC] === INICIANDO VENDACONTROLLER::INDEX ===
[26-Nov-2025 19:33:24 UTC] 1. Verificando VendaService...
[26-Nov-2025 19:33:24 UTC] Buscando histórico de vendas...
[26-Nov-2025 19:33:24 UTC] ERRO ao buscar vendas: SQLSTATE[42000]: Syntax error or access violation: 1064 You have an error in your SQL syntax; check the manual that corresponds to your MySQL server version for the right syntax to use near ''50'' at line 5
[26-Nov-2025 19:33:24 UTC] Vendas encontradas: 0
[26-Nov-2025 19:33:24 UTC] Total hoje: 64372.16
[26-Nov-2025 19:33:24 UTC] 2. Buscando produtos...
[26-Nov-2025 19:33:24 UTC] Produtos encontrados: 13
[26-Nov-2025 19:33:24 UTC] 3. Caminho da view: /var/www/site2.com/public_html/app/Controllers/../../src/views/vendas/index.php
[26-Nov-2025 19:33:24 UTC] View existe: SIM
[26-Nov-2025 19:33:24 UTC] Tentando carregar view: /var/www/site2.com/public_html/app/Controllers/../../src/views/vendas/index.php
[26-Nov-2025 19:33:24 UTC] View existe: SIM
[26-Nov-2025 19:33:24 UTC] === VENDACONTROLLER::INDEX FINALIZADO COM SUCESSO ===
[26-Nov-2025 19:34:34 UTC] === INICIANDO VENDACONTROLLER::INDEX ===
[26-Nov-2025 19:34:34 UTC] Tabela vendas existe: SIM
[26-Nov-2025 19:34:34 UTC] 1. Buscando histórico de vendas...
[26-Nov-2025 19:34:34 UTC] Buscando histórico de vendas...
[26-Nov-2025 19:34:34 UTC] ERRO ao buscar vendas: SQLSTATE[42000]: Syntax error or access violation: 1064 You have an error in your SQL syntax; check the manual that corresponds to your MySQL server version for the right syntax to use near ''50'' at line 5
[26-Nov-2025 19:34:34 UTC] Vendas encontradas: 0
[26-Nov-2025 19:34:34 UTC] Total hoje: 64372.16
[26-Nov-2025 19:34:34 UTC] 2. Buscando produtos...
[26-Nov-2025 19:34:34 UTC] Produtos encontrados: 13
[26-Nov-2025 19:34:34 UTC] 3. Caminho da view: /var/www/site2.com/public_html/app/Controllers/../../src/views/vendas/index.php
[26-Nov-2025 19:34:34 UTC] View existe: SIM
[26-Nov-2025 19:34:34 UTC] Tentando carregar view: /var/www/site2.com/public_html/app/Controllers/../../src/views/vendas/index.php
[26-Nov-2025 19:34:34 UTC] View existe: SIM
[26-Nov-2025 19:34:34 UTC] === VENDACONTROLLER::INDEX FINALIZADO COM SUCESSO ===
[26-Nov-2025 19:34:40 UTC] Registrando venda: Array
(
    [produto_id] => 16
    [quantidade] => 1
    [observacoes] => 
    [usuario_id] => 1
)

[26-Nov-2025 19:34:40 UTC] Venda registrada com sucesso - ID: 7
[26-Nov-2025 19:34:40 UTC] === INICIANDO VENDACONTROLLER::INDEX ===
[26-Nov-2025 19:34:40 UTC] Tabela vendas existe: SIM
[26-Nov-2025 19:34:40 UTC] 1. Buscando histórico de vendas...
[26-Nov-2025 19:34:40 UTC] Buscando histórico de vendas...
[26-Nov-2025 19:34:40 UTC] ERRO ao buscar vendas: SQLSTATE[42000]: Syntax error or access violation: 1064 You have an error in your SQL syntax; check the manual that corresponds to your MySQL server version for the right syntax to use near ''50'' at line 5
[26-Nov-2025 19:34:40 UTC] Vendas encontradas: 0
[26-Nov-2025 19:34:40 UTC] Total hoje: 96503.39
[26-Nov-2025 19:34:40 UTC] 2. Buscando produtos...
[26-Nov-2025 19:34:40 UTC] Produtos encontrados: 13
[26-Nov-2025 19:34:40 UTC] 3. Caminho da view: /var/www/site2.com/public_html/app/Controllers/../../src/views/vendas/index.php
[26-Nov-2025 19:34:40 UTC] View existe: SIM
[26-Nov-2025 19:34:40 UTC] Tentando carregar view: /var/www/site2.com/public_html/app/Controllers/../../src/views/vendas/index.php
[26-Nov-2025 19:34:40 UTC] View existe: SIM
[26-Nov-2025 19:34:40 UTC] === VENDACONTROLLER::INDEX FINALIZADO COM SUCESSO ===
[26-Nov-2025 19:39:00 UTC] === INICIANDO VENDACONTROLLER::INDEX ===
[26-Nov-2025 19:39:00 UTC] Tabela vendas existe: SIM
[26-Nov-2025 19:39:00 UTC] 1. Buscando histórico de vendas...
[26-Nov-2025 19:39:00 UTC] Buscando histórico de vendas...
[26-Nov-2025 19:39:00 UTC] ERRO ao buscar vendas: SQLSTATE[42000]: Syntax error or access violation: 1064 You have an error in your SQL syntax; check the manual that corresponds to your MySQL server version for the right syntax to use near ''50'' at line 5
[26-Nov-2025 19:39:00 UTC] Vendas encontradas: 0
[26-Nov-2025 19:39:00 UTC] Total hoje: 96503.39
[26-Nov-2025 19:39:00 UTC] 2. Buscando produtos...
[26-Nov-2025 19:39:00 UTC] Produtos encontrados: 13
[26-Nov-2025 19:39:00 UTC] 3. Caminho da view: /var/www/site2.com/public_html/app/Controllers/../../src/views/vendas/index.php
[26-Nov-2025 19:39:00 UTC] View existe: SIM
[26-Nov-2025 19:39:00 UTC] Tentando carregar view: /var/www/site2.com/public_html/app/Controllers/../../src/views/vendas/index.php
[26-Nov-2025 19:39:00 UTC] View existe: SIM
[26-Nov-2025 19:39:00 UTC] === VENDACONTROLLER::INDEX FINALIZADO COM SUCESSO ===
[26-Nov-2025 19:40:28 UTC] === INICIANDO VENDACONTROLLER::INDEX ===
[26-Nov-2025 19:40:28 UTC] Tabela vendas existe: SIM
[26-Nov-2025 19:40:28 UTC] 1. Buscando histórico de vendas...
[26-Nov-2025 19:40:28 UTC] Buscando histórico de vendas...
[26-Nov-2025 19:40:28 UTC] ERRO ao buscar vendas: SQLSTATE[42000]: Syntax error or access violation: 1064 You have an error in your SQL syntax; check the manual that corresponds to your MySQL server version for the right syntax to use near ''50'' at line 5
[26-Nov-2025 19:40:28 UTC] Vendas encontradas: 0
[26-Nov-2025 19:40:28 UTC] Total hoje: 96503.39
[26-Nov-2025 19:40:28 UTC] 2. Buscando produtos...
[26-Nov-2025 19:40:28 UTC] Produtos encontrados: 13
[26-Nov-2025 19:40:28 UTC] 3. Caminho da view: /var/www/site2.com/public_html/app/Controllers/../../src/views/vendas/index.php
[26-Nov-2025 19:40:28 UTC] View existe: SIM
[26-Nov-2025 19:40:28 UTC] Tentando carregar view: /var/www/site2.com/public_html/app/Controllers/../../src/views/vendas/index.php
[26-Nov-2025 19:40:28 UTC] View existe: SIM
[26-Nov-2025 19:40:28 UTC] === VENDACONTROLLER::INDEX FINALIZADO COM SUCESSO ===
[26-Nov-2025 19:42:57 UTC] === INICIANDO VENDACONTROLLER::INDEX ===
[26-Nov-2025 19:42:57 UTC] Tabela vendas existe: SIM
[26-Nov-2025 19:42:57 UTC] 1. Buscando histórico de vendas...
[26-Nov-2025 19:42:57 UTC] Buscando histórico de vendas...
[26-Nov-2025 19:42:57 UTC] ERRO ao buscar vendas: SQLSTATE[42000]: Syntax error or access violation: 1064 You have an error in your SQL syntax; check the manual that corresponds to your MySQL server version for the right syntax to use near ''50'' at line 5
[26-Nov-2025 19:42:57 UTC] Vendas encontradas: 0
[26-Nov-2025 19:42:57 UTC] Total hoje: 96503.39
[26-Nov-2025 19:42:57 UTC] 2. Buscando produtos...
[26-Nov-2025 19:42:57 UTC] Produtos encontrados: 13
[26-Nov-2025 19:42:57 UTC] 3. Caminho da view: /var/www/site2.com/public_html/app/Controllers/../../src/views/vendas/index.php
[26-Nov-2025 19:42:57 UTC] View existe: SIM
[26-Nov-2025 19:42:57 UTC] Tentando carregar view: /var/www/site2.com/public_html/app/Controllers/../../src/views/vendas/index.php
[26-Nov-2025 19:42:57 UTC] View existe: SIM
[26-Nov-2025 19:42:57 UTC] === VENDACONTROLLER::INDEX FINALIZADO COM SUCESSO ===
[26-Nov-2025 19:51:49 UTC] === INICIANDO VENDACONTROLLER::INDEX ===
[26-Nov-2025 19:51:49 UTC] Tabela vendas existe: SIM
[26-Nov-2025 19:51:49 UTC] 1. Buscando histórico de vendas...
[26-Nov-2025 19:51:49 UTC] Buscando histórico de vendas...
[26-Nov-2025 19:51:49 UTC] ERRO ao buscar vendas: SQLSTATE[42000]: Syntax error or access violation: 1064 You have an error in your SQL syntax; check the manual that corresponds to your MySQL server version for the right syntax to use near ''50'' at line 5
[26-Nov-2025 19:51:49 UTC] Vendas encontradas: 0
[26-Nov-2025 19:51:49 UTC] Total hoje: 96503.39
[26-Nov-2025 19:51:49 UTC] 2. Buscando produtos...
[26-Nov-2025 19:51:49 UTC] Produtos encontrados: 13
[26-Nov-2025 19:51:49 UTC] 3. Caminho da view: /var/www/site2.com/public_html/app/Controllers/../../src/views/vendas/index.php
[26-Nov-2025 19:51:49 UTC] View existe: SIM
[26-Nov-2025 19:51:49 UTC] Tentando carregar view: /var/www/site2.com/public_html/app/Controllers/../../src/views/vendas/index.php
[26-Nov-2025 19:51:49 UTC] View existe: SIM
[26-Nov-2025 19:51:49 UTC] === VENDACONTROLLER::INDEX FINALIZADO COM SUCESSO ===
[26-Nov-2025 19:52:46 UTC] === INICIANDO VENDACONTROLLER::INDEX ===
[26-Nov-2025 19:52:46 UTC] Tabela vendas existe: SIM
[26-Nov-2025 19:52:46 UTC] 1. Buscando histórico de vendas...
[26-Nov-2025 19:52:46 UTC] Buscando histórico de vendas...
[26-Nov-2025 19:52:46 UTC] ERRO ao buscar vendas: SQLSTATE[42000]: Syntax error or access violation: 1064 You have an error in your SQL syntax; check the manual that corresponds to your MySQL server version for the right syntax to use near ''50'' at line 5
[26-Nov-2025 19:52:46 UTC] Vendas encontradas: 0
[26-Nov-2025 19:52:46 UTC] Total hoje: 96503.39
[26-Nov-2025 19:52:46 UTC] 2. Buscando produtos...
[26-Nov-2025 19:52:46 UTC] Produtos encontrados: 13
[26-Nov-2025 19:52:46 UTC] 3. Caminho da view: /var/www/site2.com/public_html/app/Controllers/../../src/views/vendas/index.php
[26-Nov-2025 19:52:46 UTC] View existe: SIM
[26-Nov-2025 19:52:46 UTC] Tentando carregar view: /var/www/site2.com/public_html/app/Controllers/../../src/views/vendas/index.php
[26-Nov-2025 19:52:46 UTC] View existe: SIM
[26-Nov-2025 19:52:46 UTC] === VENDACONTROLLER::INDEX FINALIZADO COM SUCESSO ===
[26-Nov-2025 19:53:23 UTC] === INICIANDO VENDACONTROLLER::INDEX ===
[26-Nov-2025 19:53:23 UTC] Tabela vendas existe: SIM
[26-Nov-2025 19:53:23 UTC] 1. Buscando histórico de vendas...
[26-Nov-2025 19:53:23 UTC] Buscando histórico de vendas...
[26-Nov-2025 19:53:23 UTC] ERRO ao buscar vendas: SQLSTATE[42000]: Syntax error or access violation: 1064 You have an error in your SQL syntax; check the manual that corresponds to your MySQL server version for the right syntax to use near ''50'' at line 5
[26-Nov-2025 19:53:23 UTC] Vendas encontradas: 0
[26-Nov-2025 19:53:23 UTC] Total hoje: 96503.39
[26-Nov-2025 19:53:23 UTC] 2. Buscando produtos...
[26-Nov-2025 19:53:23 UTC] Produtos encontrados: 13
[26-Nov-2025 19:53:23 UTC] 3. Caminho da view: /var/www/site2.com/public_html/app/Controllers/../../src/views/vendas/index.php
[26-Nov-2025 19:53:23 UTC] View existe: SIM
[26-Nov-2025 19:53:23 UTC] Tentando carregar view: /var/www/site2.com/public_html/app/Controllers/../../src/views/vendas/index.php
[26-Nov-2025 19:53:23 UTC] View existe: SIM
[26-Nov-2025 19:53:23 UTC] === VENDACONTROLLER::INDEX FINALIZADO COM SUCESSO ===
[26-Nov-2025 19:56:20 UTC] === INICIANDO VENDACONTROLLER::INDEX ===
[26-Nov-2025 19:56:20 UTC] Tabela vendas existe: SIM
[26-Nov-2025 19:56:20 UTC] 1. Buscando histórico de vendas...
[26-Nov-2025 19:56:20 UTC] Buscando histórico de vendas...
[26-Nov-2025 19:56:20 UTC] ERRO ao buscar vendas: SQLSTATE[42000]: Syntax error or access violation: 1064 You have an error in your SQL syntax; check the manual that corresponds to your MySQL server version for the right syntax to use near ''50'' at line 5
[26-Nov-2025 19:56:20 UTC] Vendas encontradas: 0
[26-Nov-2025 19:56:20 UTC] Total hoje: 96503.39
[26-Nov-2025 19:56:20 UTC] 2. Buscando produtos...
[26-Nov-2025 19:56:20 UTC] Produtos encontrados: 13
[26-Nov-2025 19:56:20 UTC] 3. Caminho da view: /var/www/site2.com/public_html/app/Controllers/../../src/views/vendas/index.php
[26-Nov-2025 19:56:20 UTC] View existe: SIM
[26-Nov-2025 19:56:20 UTC] Tentando carregar view: /var/www/site2.com/public_html/app/Controllers/../../src/views/vendas/index.php
[26-Nov-2025 19:56:20 UTC] View existe: SIM
[26-Nov-2025 19:56:20 UTC] === VENDACONTROLLER::INDEX FINALIZADO COM SUCESSO ===
[26-Nov-2025 19:59:17 UTC] Tentando carregar view: /var/www/site2.com/public_html/app/Controllers/../../src/views/home.php
[26-Nov-2025 19:59:17 UTC] View existe: SIM
[26-Nov-2025 19:59:18 UTC] Tentando carregar view: /var/www/site2.com/public_html/app/Controllers/../../src/views/produtos/index.php
[26-Nov-2025 19:59:18 UTC] View existe: SIM
[26-Nov-2025 19:59:18 UTC] === INICIANDO VENDACONTROLLER::INDEX ===
[26-Nov-2025 19:59:18 UTC] Tabela vendas existe: SIM
[26-Nov-2025 19:59:18 UTC] 1. Buscando histórico de vendas...
[26-Nov-2025 19:59:18 UTC] Buscando histórico de vendas...
[26-Nov-2025 19:59:18 UTC] ERRO ao buscar vendas: SQLSTATE[42000]: Syntax error or access violation: 1064 You have an error in your SQL syntax; check the manual that corresponds to your MySQL server version for the right syntax to use near ''50'' at line 5
[26-Nov-2025 19:59:18 UTC] Vendas encontradas: 0
[26-Nov-2025 19:59:18 UTC] Total hoje: 96503.39
[26-Nov-2025 19:59:18 UTC] 2. Buscando produtos...
[26-Nov-2025 19:59:18 UTC] Produtos encontrados: 13
[26-Nov-2025 19:59:18 UTC] 3. Caminho da view: /var/www/site2.com/public_html/app/Controllers/../../src/views/vendas/index.php
[26-Nov-2025 19:59:18 UTC] View existe: SIM
[26-Nov-2025 19:59:18 UTC] Tentando carregar view: /var/www/site2.com/public_html/app/Controllers/../../src/views/vendas/index.php
[26-Nov-2025 19:59:18 UTC] View existe: SIM
[26-Nov-2025 19:59:18 UTC] === VENDACONTROLLER::INDEX FINALIZADO COM SUCESSO ===
[26-Nov-2025 19:59:21 UTC] Tentando carregar view: /var/www/site2.com/public_html/app/Controllers/../../src/views/produtos/index.php
[26-Nov-2025 19:59:21 UTC] View existe: SIM
[26-Nov-2025 19:59:22 UTC] Tentando carregar view: /var/www/site2.com/public_html/app/Controllers/../../src/views/home.php
[26-Nov-2025 19:59:22 UTC] View existe: SIM
[26-Nov-2025 19:59:23 UTC] Tentando carregar view: /var/www/site2.com/public_html/app/Controllers/../../src/views/produtos/index.php
[26-Nov-2025 19:59:23 UTC] View existe: SIM
[26-Nov-2025 19:59:24 UTC] === INICIANDO VENDACONTROLLER::INDEX ===
[26-Nov-2025 19:59:24 UTC] Tabela vendas existe: SIM
[26-Nov-2025 19:59:24 UTC] 1. Buscando histórico de vendas...
[26-Nov-2025 19:59:24 UTC] Buscando histórico de vendas...
[26-Nov-2025 19:59:24 UTC] ERRO ao buscar vendas: SQLSTATE[42000]: Syntax error or access violation: 1064 You have an error in your SQL syntax; check the manual that corresponds to your MySQL server version for the right syntax to use near ''50'' at line 5
[26-Nov-2025 19:59:24 UTC] Vendas encontradas: 0
[26-Nov-2025 19:59:24 UTC] Total hoje: 96503.39
[26-Nov-2025 19:59:24 UTC] 2. Buscando produtos...
[26-Nov-2025 19:59:24 UTC] Produtos encontrados: 13
[26-Nov-2025 19:59:24 UTC] 3. Caminho da view: /var/www/site2.com/public_html/app/Controllers/../../src/views/vendas/index.php
[26-Nov-2025 19:59:24 UTC] View existe: SIM
[26-Nov-2025 19:59:24 UTC] Tentando carregar view: /var/www/site2.com/public_html/app/Controllers/../../src/views/vendas/index.php
[26-Nov-2025 19:59:24 UTC] View existe: SIM
[26-Nov-2025 19:59:24 UTC] === VENDACONTROLLER::INDEX FINALIZADO COM SUCESSO ===
[26-Nov-2025 19:59:24 UTC] Tentando carregar view: /var/www/site2.com/public_html/app/Controllers/../../src/views/produtos/index.php
[26-Nov-2025 19:59:24 UTC] View existe: SIM
[26-Nov-2025 19:59:28 UTC] Tentando carregar view: /var/www/site2.com/public_html/app/Controllers/../../src/views/home.php
[26-Nov-2025 19:59:28 UTC] View existe: SIM
[26-Nov-2025 19:59:29 UTC] Tentando carregar view: /var/www/site2.com/public_html/app/Controllers/../../src/views/produtos/index.php
[26-Nov-2025 19:59:29 UTC] View existe: SIM
[26-Nov-2025 19:59:29 UTC] Tentando carregar view: /var/www/site2.com/public_html/app/Controllers/../../src/views/home.php
[26-Nov-2025 19:59:29 UTC] View existe: SIM
[26-Nov-2025 19:59:30 UTC] Tentando carregar view: /var/www/site2.com/public_html/app/Controllers/../../src/views/produtos/index.php
[26-Nov-2025 19:59:30 UTC] View existe: SIM
[26-Nov-2025 19:59:31 UTC] Tentando carregar view: /var/www/site2.com/public_html/app/Controllers/../../src/views/home.php
[26-Nov-2025 19:59:31 UTC] View existe: SIM
[26-Nov-2025 19:59:31 UTC] Tentando carregar view: /var/www/site2.com/public_html/app/Controllers/../../src/views/produtos/index.php
[26-Nov-2025 19:59:31 UTC] View existe: SIM
[26-Nov-2025 19:59:36 UTC] Tentando carregar view: /var/www/site2.com/public_html/app/Controllers/../../src/views/home.php
[26-Nov-2025 19:59:36 UTC] View existe: SIM
[26-Nov-2025 19:59:57 UTC] Tentando carregar view: /var/www/site2.com/public_html/app/Controllers/../../src/views/produtos/index.php
[26-Nov-2025 19:59:57 UTC] View existe: SIM
[26-Nov-2025 20:00:02 UTC] Tentando carregar view: /var/www/site2.com/public_html/app/Controllers/../../src/views/produtos/form.php
[26-Nov-2025 20:00:02 UTC] View existe: SIM
[26-Nov-2025 20:00:09 UTC] Tentando carregar view: /var/www/site2.com/public_html/app/Controllers/../../src/views/produtos/form.php
[26-Nov-2025 20:00:09 UTC] View existe: SIM
[26-Nov-2025 20:00:10 UTC] Tentando carregar view: /var/www/site2.com/public_html/app/Controllers/../../src/views/produtos/index.php
[26-Nov-2025 20:00:10 UTC] View existe: SIM
[26-Nov-2025 20:00:11 UTC] Tentando carregar view: /var/www/site2.com/public_html/app/Controllers/../../src/views/produtos/form.php
[26-Nov-2025 20:00:11 UTC] View existe: SIM
[26-Nov-2025 20:00:15 UTC] Tentando carregar view: /var/www/site2.com/public_html/app/Controllers/../../src/views/produtos/index.php
[26-Nov-2025 20:00:15 UTC] View existe: SIM
[26-Nov-2025 20:00:21 UTC] Tentando carregar view: /var/www/site2.com/public_html/app/Controllers/../../src/views/produtos/index.php
[26-Nov-2025 20:00:21 UTC] View existe: SIM
[26-Nov-2025 20:00:24 UTC] Tentando carregar view: /var/www/site2.com/public_html/app/Controllers/../../src/views/produtos/index.php
[26-Nov-2025 20:00:24 UTC] View existe: SIM
[26-Nov-2025 20:00:34 UTC] === INICIANDO VENDACONTROLLER::INDEX ===
[26-Nov-2025 20:00:34 UTC] Tabela vendas existe: SIM
[26-Nov-2025 20:00:34 UTC] 1. Buscando histórico de vendas...
[26-Nov-2025 20:00:34 UTC] Buscando histórico de vendas...
[26-Nov-2025 20:00:34 UTC] ERRO ao buscar vendas: SQLSTATE[42000]: Syntax error or access violation: 1064 You have an error in your SQL syntax; check the manual that corresponds to your MySQL server version for the right syntax to use near ''50'' at line 5
[26-Nov-2025 20:00:34 UTC] Vendas encontradas: 0
[26-Nov-2025 20:00:34 UTC] Total hoje: 96503.39
[26-Nov-2025 20:00:34 UTC] 2. Buscando produtos...
[26-Nov-2025 20:00:34 UTC] Produtos encontrados: 13
[26-Nov-2025 20:00:34 UTC] 3. Caminho da view: /var/www/site2.com/public_html/app/Controllers/../../src/views/vendas/index.php
[26-Nov-2025 20:00:34 UTC] View existe: SIM
[26-Nov-2025 20:00:34 UTC] Tentando carregar view: /var/www/site2.com/public_html/app/Controllers/../../src/views/vendas/index.php
[26-Nov-2025 20:00:34 UTC] View existe: SIM
[26-Nov-2025 20:00:34 UTC] === VENDACONTROLLER::INDEX FINALIZADO COM SUCESSO ===
[26-Nov-2025 20:00:48 UTC] Tentando carregar view: /var/www/site2.com/public_html/app/Controllers/../../src/views/produtos/index.php
[26-Nov-2025 20:00:48 UTC] View existe: SIM
[26-Nov-2025 20:00:52 UTC] === ProfileController Debug ===
[26-Nov-2025 20:00:52 UTC] SESSION: Array
(
    [usuario_id] => 1
    [usuario_nome] => Kennedy
    [usuario_email] => kennedy@email.com
    [usuario_tipo] => visualizador
    [logado] => 1
    [flash_messages] => Array
        (
            [success_message] => Login realizado com sucesso!
        )

)

[26-Nov-2025 20:00:52 UTC] Tentando obter dados do perfil...
[26-Nov-2025 20:00:52 UTC] === ProfileService Debug ===
[26-Nov-2025 20:00:52 UTC] SESSION usuario_id: 1
[26-Nov-2025 20:00:52 UTC] Resultado da busca no banco: ENCONTRADO
[26-Nov-2025 20:00:52 UTC] Dados formatados para view:
[26-Nov-2025 20:00:52 UTC] Nome: Kennedy
[26-Nov-2025 20:00:52 UTC] Email: kennedy@email.com
[26-Nov-2025 20:00:52 UTC] Telefone: (12) 31231-2345
[26-Nov-2025 20:00:52 UTC] Data Nascimento: 
[26-Nov-2025 20:00:52 UTC] Dados formatados: Array
(
    [id] => 1
    [nome] => Kennedy
    [email] => kennedy@email.com
    [telefone] => (12) 31231-2345
    [data_nascimento] => 
    [data_nascimento_formatada] => Não informada
    [tipo_usuario] => visualizador
    [tipo_usuario_formatado] => Visualizador
    [departamento] => Não informado
    [status] => ativo
    [data_cadastro] => 2025-11-26 20:00:52
    [ultimo_acesso] => Nunca
)

[26-Nov-2025 20:00:52 UTC] Sucesso! Renderizando perfil com dados:
[26-Nov-2025 20:00:52 UTC] Array
(
    [id] => 1
    [nome] => Kennedy
    [email] => kennedy@email.com
    [telefone] => (12) 31231-2345
    [data_nascimento] => 
    [data_nascimento_formatada] => Não informada
    [tipo_usuario] => visualizador
    [tipo_usuario_formatado] => Visualizador
    [departamento] => Não informado
    [status] => ativo
    [data_cadastro] => 2025-11-26 20:00:52
    [ultimo_acesso] => Nunca
)

[26-Nov-2025 20:00:52 UTC] Tentando carregar view: /var/www/site2.com/public_html/app/Controllers/../../src/views/perfil.php
[26-Nov-2025 20:00:52 UTC] View existe: SIM
[26-Nov-2025 20:01:11 UTC] Tentando carregar view: /var/www/site2.com/public_html/app/Controllers/../../src/views/contato.php
[26-Nov-2025 20:01:11 UTC] View existe: SIM
[26-Nov-2025 20:01:22 UTC] Tentando carregar view: /var/www/site2.com/public_html/app/Controllers/../../src/views/sobre.php
[26-Nov-2025 20:01:22 UTC] View existe: SIM
[26-Nov-2025 20:01:46 UTC] === INICIANDO VENDACONTROLLER::INDEX ===
[26-Nov-2025 20:01:46 UTC] Tabela vendas existe: SIM
[26-Nov-2025 20:01:46 UTC] 1. Buscando histórico de vendas...
[26-Nov-2025 20:01:46 UTC] Buscando histórico de vendas...
[26-Nov-2025 20:01:46 UTC] ERRO ao buscar vendas: SQLSTATE[42000]: Syntax error or access violation: 1064 You have an error in your SQL syntax; check the manual that corresponds to your MySQL server version for the right syntax to use near ''50'' at line 5
[26-Nov-2025 20:01:46 UTC] Vendas encontradas: 0
[26-Nov-2025 20:01:46 UTC] Total hoje: 96503.39
[26-Nov-2025 20:01:46 UTC] 2. Buscando produtos...
[26-Nov-2025 20:01:46 UTC] Produtos encontrados: 13
[26-Nov-2025 20:01:46 UTC] 3. Caminho da view: /var/www/site2.com/public_html/app/Controllers/../../src/views/vendas/index.php
[26-Nov-2025 20:01:46 UTC] View existe: SIM
[26-Nov-2025 20:01:46 UTC] Tentando carregar view: /var/www/site2.com/public_html/app/Controllers/../../src/views/vendas/index.php
[26-Nov-2025 20:01:46 UTC] View existe: SIM
[26-Nov-2025 20:01:46 UTC] === VENDACONTROLLER::INDEX FINALIZADO COM SUCESSO ===
[26-Nov-2025 20:02:08 UTC] Tentando carregar view: /var/www/site2.com/public_html/app/Controllers/../../src/views/produtos/index.php
[26-Nov-2025 20:02:08 UTC] View existe: SIM
[26-Nov-2025 20:02:10 UTC] Tentando carregar view: /var/www/site2.com/public_html/app/Controllers/../../src/views/produtos/form.php
[26-Nov-2025 20:02:10 UTC] View existe: SIM
[26-Nov-2025 20:03:14 UTC] Tentando carregar view: /var/www/site2.com/public_html/app/Controllers/../../src/views/produtos/form.php
[26-Nov-2025 20:03:14 UTC] View existe: SIM
[26-Nov-2025 20:03:15 UTC] Tentando carregar view: /var/www/site2.com/public_html/app/Controllers/../../src/views/produtos/form.php
[26-Nov-2025 20:03:15 UTC] View existe: SIM
[26-Nov-2025 20:03:15 UTC] Tentando carregar view: /var/www/site2.com/public_html/app/Controllers/../../src/views/produtos/form.php
[26-Nov-2025 20:03:15 UTC] View existe: SIM
[26-Nov-2025 20:03:20 UTC] Tentando carregar view: /var/www/site2.com/public_html/app/Controllers/../../src/views/produtos/index.php
[26-Nov-2025 20:03:20 UTC] View existe: SIM
[26-Nov-2025 20:04:55 UTC] Tentando carregar view: /var/www/site2.com/public_html/app/Controllers/../../src/views/produtos/index.php
[26-Nov-2025 20:04:55 UTC] View existe: SIM
[26-Nov-2025 20:04:56 UTC] === INICIANDO VENDACONTROLLER::INDEX ===
[26-Nov-2025 20:04:56 UTC] Tabela vendas existe: SIM
[26-Nov-2025 20:04:56 UTC] 1. Buscando histórico de vendas...
[26-Nov-2025 20:04:56 UTC] Buscando histórico de vendas...
[26-Nov-2025 20:04:56 UTC] ERRO ao buscar vendas: SQLSTATE[42000]: Syntax error or access violation: 1064 You have an error in your SQL syntax; check the manual that corresponds to your MySQL server version for the right syntax to use near ''50'' at line 5
[26-Nov-2025 20:04:56 UTC] Vendas encontradas: 0
[26-Nov-2025 20:04:56 UTC] Total hoje: 96503.39
[26-Nov-2025 20:04:56 UTC] 2. Buscando produtos...
[26-Nov-2025 20:04:56 UTC] Produtos encontrados: 13
[26-Nov-2025 20:04:56 UTC] 3. Caminho da view: /var/www/site2.com/public_html/app/Controllers/../../src/views/vendas/index.php
[26-Nov-2025 20:04:56 UTC] View existe: SIM
[26-Nov-2025 20:04:56 UTC] Tentando carregar view: /var/www/site2.com/public_html/app/Controllers/../../src/views/vendas/index.php
[26-Nov-2025 20:04:56 UTC] View existe: SIM
[26-Nov-2025 20:04:56 UTC] PHP Fatal error:  Uncaught Error: Call to undefined method App\Controllers\VendaController::getVendasRecentes() in /var/www/site2.com/public_html/src/views/vendas/index.php:13
Stack trace:
#0 /var/www/site2.com/public_html/app/Controllers/BaseController.php(29): require()
#1 /var/www/site2.com/public_html/app/Controllers/VendaController.php(53): App\Controllers\BaseController->render()
#2 /var/www/site2.com/public_html/index.php(118): App\Controllers\VendaController->index()
#3 {main}
  thrown in /var/www/site2.com/public_html/src/views/vendas/index.php on line 13
[26-Nov-2025 20:05:28 UTC] === INICIANDO VENDACONTROLLER::INDEX ===
[26-Nov-2025 20:05:28 UTC] Tabela vendas existe: SIM
[26-Nov-2025 20:05:28 UTC] 1. Buscando histórico de vendas...
[26-Nov-2025 20:05:28 UTC] Buscando histórico de vendas...
[26-Nov-2025 20:05:28 UTC] ERRO ao buscar vendas: SQLSTATE[42000]: Syntax error or access violation: 1064 You have an error in your SQL syntax; check the manual that corresponds to your MySQL server version for the right syntax to use near ''50'' at line 5
[26-Nov-2025 20:05:28 UTC] Vendas encontradas: 0
[26-Nov-2025 20:05:28 UTC] Total hoje: 96503.39
[26-Nov-2025 20:05:28 UTC] 2. Buscando produtos...
[26-Nov-2025 20:05:28 UTC] Produtos encontrados: 13
[26-Nov-2025 20:05:28 UTC] 3. Caminho da view: /var/www/site2.com/public_html/app/Controllers/../../src/views/vendas/index.php
[26-Nov-2025 20:05:28 UTC] View existe: SIM
[26-Nov-2025 20:05:28 UTC] Tentando carregar view: /var/www/site2.com/public_html/app/Controllers/../../src/views/vendas/index.php
[26-Nov-2025 20:05:28 UTC] View existe: SIM
[26-Nov-2025 20:05:28 UTC] PHP Fatal error:  Uncaught Error: Call to undefined method App\Controllers\VendaController::getVendasRecentes() in /var/www/site2.com/public_html/src/views/vendas/index.php:12
Stack trace:
#0 /var/www/site2.com/public_html/app/Controllers/BaseController.php(29): require()
#1 /var/www/site2.com/public_html/app/Controllers/VendaController.php(53): App\Controllers\BaseController->render()
#2 /var/www/site2.com/public_html/index.php(118): App\Controllers\VendaController->index()
#3 {main}
  thrown in /var/www/site2.com/public_html/src/views/vendas/index.php on line 12
[26-Nov-2025 20:05:32 UTC] === INICIANDO VENDACONTROLLER::INDEX ===
[26-Nov-2025 20:05:32 UTC] Tabela vendas existe: SIM
[26-Nov-2025 20:05:32 UTC] 1. Buscando histórico de vendas...
[26-Nov-2025 20:05:32 UTC] Buscando histórico de vendas...
[26-Nov-2025 20:05:32 UTC] ERRO ao buscar vendas: SQLSTATE[42000]: Syntax error or access violation: 1064 You have an error in your SQL syntax; check the manual that corresponds to your MySQL server version for the right syntax to use near ''50'' at line 5
[26-Nov-2025 20:05:32 UTC] Vendas encontradas: 0
[26-Nov-2025 20:05:32 UTC] Total hoje: 96503.39
[26-Nov-2025 20:05:32 UTC] 2. Buscando produtos...
[26-Nov-2025 20:05:32 UTC] Produtos encontrados: 13
[26-Nov-2025 20:05:32 UTC] 3. Caminho da view: /var/www/site2.com/public_html/app/Controllers/../../src/views/vendas/index.php
[26-Nov-2025 20:05:32 UTC] View existe: SIM
[26-Nov-2025 20:05:32 UTC] Tentando carregar view: /var/www/site2.com/public_html/app/Controllers/../../src/views/vendas/index.php
[26-Nov-2025 20:05:32 UTC] View existe: SIM
[26-Nov-2025 20:05:32 UTC] PHP Warning:  Attempt to read property "id" on array in /var/www/site2.com/public_html/src/views/vendas/index.php on line 142
[26-Nov-2025 20:05:32 UTC] PHP Warning:  Attempt to read property "nome" on array in /var/www/site2.com/public_html/src/views/vendas/index.php on line 143
[26-Nov-2025 20:05:32 UTC] PHP Deprecated:  htmlspecialchars(): Passing null to parameter #1 ($string) of type string is deprecated in /var/www/site2.com/public_html/src/views/vendas/index.php on line 143
[26-Nov-2025 20:05:32 UTC] PHP Warning:  Attempt to read property "descricao" on array in /var/www/site2.com/public_html/src/views/vendas/index.php on line 144
[26-Nov-2025 20:05:32 UTC] PHP Deprecated:  htmlspecialchars(): Passing null to parameter #1 ($string) of type string is deprecated in /var/www/site2.com/public_html/src/views/vendas/index.php on line 144
[26-Nov-2025 20:05:32 UTC] PHP Warning:  Attempt to read property "preco" on array in /var/www/site2.com/public_html/src/views/vendas/index.php on line 145
[26-Nov-2025 20:05:32 UTC] PHP Deprecated:  number_format(): Passing null to parameter #1 ($num) of type float is deprecated in /var/www/site2.com/public_html/src/views/vendas/index.php on line 145
[26-Nov-2025 20:05:32 UTC] PHP Warning:  Attempt to read property "quantidade_estoque" on array in /var/www/site2.com/public_html/src/views/vendas/index.php on line 146
[26-Nov-2025 20:05:32 UTC] PHP Warning:  Attempt to read property "nome" on array in /var/www/site2.com/public_html/src/views/vendas/index.php on line 147
[26-Nov-2025 20:05:32 UTC] PHP Deprecated:  htmlspecialchars(): Passing null to parameter #1 ($string) of type string is deprecated in /var/www/site2.com/public_html/src/views/vendas/index.php on line 147
[26-Nov-2025 20:05:32 UTC] PHP Warning:  Attempt to read property "preco" on array in /var/www/site2.com/public_html/src/views/vendas/index.php on line 147
[26-Nov-2025 20:05:32 UTC] PHP Deprecated:  number_format(): Passing null to parameter #1 ($num) of type float is deprecated in /var/www/site2.com/public_html/src/views/vendas/index.php on line 147
[26-Nov-2025 20:05:32 UTC] PHP Warning:  Attempt to read property "id" on array in /var/www/site2.com/public_html/src/views/vendas/index.php on line 142
[26-Nov-2025 20:05:32 UTC] PHP Warning:  Attempt to read property "nome" on array in /var/www/site2.com/public_html/src/views/vendas/index.php on line 143
[26-Nov-2025 20:05:32 UTC] PHP Deprecated:  htmlspecialchars(): Passing null to parameter #1 ($string) of type string is deprecated in /var/www/site2.com/public_html/src/views/vendas/index.php on line 143
[26-Nov-2025 20:05:32 UTC] PHP Warning:  Attempt to read property "descricao" on array in /var/www/site2.com/public_html/src/views/vendas/index.php on line 144
[26-Nov-2025 20:05:32 UTC] PHP Deprecated:  htmlspecialchars(): Passing null to parameter #1 ($string) of type string is deprecated in /var/www/site2.com/public_html/src/views/vendas/index.php on line 144
[26-Nov-2025 20:05:32 UTC] PHP Warning:  Attempt to read property "preco" on array in /var/www/site2.com/public_html/src/views/vendas/index.php on line 145
[26-Nov-2025 20:05:32 UTC] PHP Deprecated:  number_format(): Passing null to parameter #1 ($num) of type float is deprecated in /var/www/site2.com/public_html/src/views/vendas/index.php on line 145
[26-Nov-2025 20:05:32 UTC] PHP Warning:  Attempt to read property "quantidade_estoque" on array in /var/www/site2.com/public_html/src/views/vendas/index.php on line 146
[26-Nov-2025 20:05:32 UTC] PHP Warning:  Attempt to read property "nome" on array in /var/www/site2.com/public_html/src/views/vendas/index.php on line 147
[26-Nov-2025 20:05:32 UTC] PHP Deprecated:  htmlspecialchars(): Passing null to parameter #1 ($string) of type string is deprecated in /var/www/site2.com/public_html/src/views/vendas/index.php on line 147
[26-Nov-2025 20:05:32 UTC] PHP Warning:  Attempt to read property "preco" on array in /var/www/site2.com/public_html/src/views/vendas/index.php on line 147
[26-Nov-2025 20:05:32 UTC] PHP Deprecated:  number_format(): Passing null to parameter #1 ($num) of type float is deprecated in /var/www/site2.com/public_html/src/views/vendas/index.php on line 147
[26-Nov-2025 20:05:32 UTC] PHP Warning:  Attempt to read property "id" on array in /var/www/site2.com/public_html/src/views/vendas/index.php on line 142
[26-Nov-2025 20:05:32 UTC] PHP Warning:  Attempt to read property "nome" on array in /var/www/site2.com/public_html/src/views/vendas/index.php on line 143
[26-Nov-2025 20:05:32 UTC] PHP Deprecated:  htmlspecialchars(): Passing null to parameter #1 ($string) of type string is deprecated in /var/www/site2.com/public_html/src/views/vendas/index.php on line 143
[26-Nov-2025 20:05:32 UTC] PHP Warning:  Attempt to read property "descricao" on array in /var/www/site2.com/public_html/src/views/vendas/index.php on line 144
[26-Nov-2025 20:05:32 UTC] PHP Deprecated:  htmlspecialchars(): Passing null to parameter #1 ($string) of type string is deprecated in /var/www/site2.com/public_html/src/views/vendas/index.php on line 144
[26-Nov-2025 20:05:32 UTC] PHP Warning:  Attempt to read property "preco" on array in /var/www/site2.com/public_html/src/views/vendas/index.php on line 145
[26-Nov-2025 20:05:32 UTC] PHP Deprecated:  number_format(): Passing null to parameter #1 ($num) of type float is deprecated in /var/www/site2.com/public_html/src/views/vendas/index.php on line 145
[26-Nov-2025 20:05:32 UTC] PHP Warning:  Attempt to read property "quantidade_estoque" on array in /var/www/site2.com/public_html/src/views/vendas/index.php on line 146
[26-Nov-2025 20:05:32 UTC] PHP Warning:  Attempt to read property "nome" on array in /var/www/site2.com/public_html/src/views/vendas/index.php on line 147
[26-Nov-2025 20:05:32 UTC] PHP Deprecated:  htmlspecialchars(): Passing null to parameter #1 ($string) of type string is deprecated in /var/www/site2.com/public_html/src/views/vendas/index.php on line 147
[26-Nov-2025 20:05:32 UTC] PHP Warning:  Attempt to read property "preco" on array in /var/www/site2.com/public_html/src/views/vendas/index.php on line 147
[26-Nov-2025 20:05:32 UTC] PHP Deprecated:  number_format(): Passing null to parameter #1 ($num) of type float is deprecated in /var/www/site2.com/public_html/src/views/vendas/index.php on line 147
[26-Nov-2025 20:05:32 UTC] PHP Warning:  Attempt to read property "id" on array in /var/www/site2.com/public_html/src/views/vendas/index.php on line 142
[26-Nov-2025 20:05:32 UTC] PHP Warning:  Attempt to read property "nome" on array in /var/www/site2.com/public_html/src/views/vendas/index.php on line 143
[26-Nov-2025 20:05:32 UTC] PHP Deprecated:  htmlspecialchars(): Passing null to parameter #1 ($string) of type string is deprecated in /var/www/site2.com/public_html/src/views/vendas/index.php on line 143
[26-Nov-2025 20:05:32 UTC] PHP Warning:  Attempt to read property "descricao" on array in /var/www/site2.com/public_html/src/views/vendas/index.php on line 144
[26-Nov-2025 20:05:32 UTC] PHP Deprecated:  htmlspecialchars(): Passing null to parameter #1 ($string) of type string is deprecated in /var/www/site2.com/public_html/src/views/vendas/index.php on line 144
[26-Nov-2025 20:05:32 UTC] PHP Warning:  Attempt to read property "preco" on array in /var/www/site2.com/public_html/src/views/vendas/index.php on line 145
[26-Nov-2025 20:05:32 UTC] PHP Deprecated:  number_format(): Passing null to parameter #1 ($num) of type float is deprecated in /var/www/site2.com/public_html/src/views/vendas/index.php on line 145
[26-Nov-2025 20:05:32 UTC] PHP Warning:  Attempt to read property "quantidade_estoque" on array in /var/www/site2.com/public_html/src/views/vendas/index.php on line 146
[26-Nov-2025 20:05:32 UTC] PHP Warning:  Attempt to read property "nome" on array in /var/www/site2.com/public_html/src/views/vendas/index.php on line 147
[26-Nov-2025 20:05:32 UTC] PHP Deprecated:  htmlspecialchars(): Passing null to parameter #1 ($string) of type string is deprecated in /var/www/site2.com/public_html/src/views/vendas/index.php on line 147
[26-Nov-2025 20:05:32 UTC] PHP Warning:  Attempt to read property "preco" on array in /var/www/site2.com/public_html/src/views/vendas/index.php on line 147
[26-Nov-2025 20:05:32 UTC] PHP Deprecated:  number_format(): Passing null to parameter #1 ($num) of type float is deprecated in /var/www/site2.com/public_html/src/views/vendas/index.php on line 147
[26-Nov-2025 20:05:32 UTC] PHP Warning:  Attempt to read property "id" on array in /var/www/site2.com/public_html/src/views/vendas/index.php on line 142
[26-Nov-2025 20:05:32 UTC] PHP Warning:  Attempt to read property "nome" on array in /var/www/site2.com/public_html/src/views/vendas/index.php on line 143
[26-Nov-2025 20:05:32 UTC] PHP Deprecated:  htmlspecialchars(): Passing null to parameter #1 ($string) of type string is deprecated in /var/www/site2.com/public_html/src/views/vendas/index.php on line 143
[26-Nov-2025 20:05:32 UTC] PHP Warning:  Attempt to read property "descricao" on array in /var/www/site2.com/public_html/src/views/vendas/index.php on line 144
[26-Nov-2025 20:05:32 UTC] PHP Deprecated:  htmlspecialchars(): Passing null to parameter #1 ($string) of type string is deprecated in /var/www/site2.com/public_html/src/views/vendas/index.php on line 144
[26-Nov-2025 20:05:32 UTC] PHP Warning:  Attempt to read property "preco" on array in /var/www/site2.com/public_html/src/views/vendas/index.php on line 145
[26-Nov-2025 20:05:32 UTC] PHP Deprecated:  number_format(): Passing null to parameter #1 ($num) of type float is deprecated in /var/www/site2.com/public_html/src/views/vendas/index.php on line 145
[26-Nov-2025 20:05:32 UTC] PHP Warning:  Attempt to read property "quantidade_estoque" on array in /var/www/site2.com/public_html/src/views/vendas/index.php on line 146
[26-Nov-2025 20:05:32 UTC] PHP Warning:  Attempt to read property "nome" on array in /var/www/site2.com/public_html/src/views/vendas/index.php on line 147
[26-Nov-2025 20:05:32 UTC] PHP Deprecated:  htmlspecialchars(): Passing null to parameter #1 ($string) of type string is deprecated in /var/www/site2.com/public_html/src/views/vendas/index.php on line 147
[26-Nov-2025 20:05:32 UTC] PHP Warning:  Attempt to read property "preco" on array in /var/www/site2.com/public_html/src/views/vendas/index.php on line 147
[26-Nov-2025 20:05:32 UTC] PHP Deprecated:  number_format(): Passing null to parameter #1 ($num) of type float is deprecated in /var/www/site2.com/public_html/src/views/vendas/index.php on line 147
[26-Nov-2025 20:05:32 UTC] PHP Warning:  Attempt to read property "id" on array in /var/www/site2.com/public_html/src/views/vendas/index.php on line 142
[26-Nov-2025 20:05:32 UTC] PHP Warning:  Attempt to read property "nome" on array in /var/www/site2.com/public_html/src/views/vendas/index.php on line 143
[26-Nov-2025 20:05:32 UTC] PHP Deprecated:  htmlspecialchars(): Passing null to parameter #1 ($string) of type string is deprecated in /var/www/site2.com/public_html/src/views/vendas/index.php on line 143
[26-Nov-2025 20:05:32 UTC] PHP Warning:  Attempt to read property "descricao" on array in /var/www/site2.com/public_html/src/views/vendas/index.php on line 144
[26-Nov-2025 20:05:32 UTC] PHP Deprecated:  htmlspecialchars(): Passing null to parameter #1 ($string) of type string is deprecated in /var/www/site2.com/public_html/src/views/vendas/index.php on line 144
[26-Nov-2025 20:05:32 UTC] PHP Warning:  Attempt to read property "preco" on array in /var/www/site2.com/public_html/src/views/vendas/index.php on line 145
[26-Nov-2025 20:05:32 UTC] PHP Deprecated:  number_format(): Passing null to parameter #1 ($num) of type float is deprecated in /var/www/site2.com/public_html/src/views/vendas/index.php on line 145
[26-Nov-2025 20:05:32 UTC] PHP Warning:  Attempt to read property "quantidade_estoque" on array in /var/www/site2.com/public_html/src/views/vendas/index.php on line 146
[26-Nov-2025 20:05:32 UTC] PHP Warning:  Attempt to read property "nome" on array in /var/www/site2.com/public_html/src/views/vendas/index.php on line 147
[26-Nov-2025 20:05:32 UTC] PHP Deprecated:  htmlspecialchars(): Passing null to parameter #1 ($string) of type string is deprecated in /var/www/site2.com/public_html/src/views/vendas/index.php on line 147
[26-Nov-2025 20:05:32 UTC] PHP Warning:  Attempt to read property "preco" on array in /var/www/site2.com/public_html/src/views/vendas/index.php on line 147
[26-Nov-2025 20:05:32 UTC] PHP Deprecated:  number_format(): Passing null to parameter #1 ($num) of type float is deprecated in /var/www/site2.com/public_html/src/views/vendas/index.php on line 147
[26-Nov-2025 20:05:32 UTC] PHP Warning:  Attempt to read property "id" on array in /var/www/site2.com/public_html/src/views/vendas/index.php on line 142
[26-Nov-2025 20:05:32 UTC] PHP Warning:  Attempt to read property "nome" on array in /var/www/site2.com/public_html/src/views/vendas/index.php on line 143
[26-Nov-2025 20:05:32 UTC] PHP Deprecated:  htmlspecialchars(): Passing null to parameter #1 ($string) of type string is deprecated in /var/www/site2.com/public_html/src/views/vendas/index.php on line 143
[26-Nov-2025 20:05:32 UTC] PHP Warning:  Attempt to read property "descricao" on array in /var/www/site2.com/public_html/src/views/vendas/index.php on line 144
[26-Nov-2025 20:05:32 UTC] PHP Deprecated:  htmlspecialchars(): Passing null to parameter #1 ($string) of type string is deprecated in /var/www/site2.com/public_html/src/views/vendas/index.php on line 144
[26-Nov-2025 20:05:32 UTC] PHP Warning:  Attempt to read property "preco" on array in /var/www/site2.com/public_html/src/views/vendas/index.php on line 145
[26-Nov-2025 20:05:32 UTC] PHP Deprecated:  number_format(): Passing null to parameter #1 ($num) of type float is deprecated in /var/www/site2.com/public_html/src/views/vendas/index.php on line 145
[26-Nov-2025 20:05:32 UTC] PHP Warning:  Attempt to read property "quantidade_estoque" on array in /var/www/site2.com/public_html/src/views/vendas/index.php on line 146
[26-Nov-2025 20:05:32 UTC] PHP Warning:  Attempt to read property "nome" on array in /var/www/site2.com/public_html/src/views/vendas/index.php on line 147
[26-Nov-2025 20:05:32 UTC] PHP Deprecated:  htmlspecialchars(): Passing null to parameter #1 ($string) of type string is deprecated in /var/www/site2.com/public_html/src/views/vendas/index.php on line 147
[26-Nov-2025 20:05:32 UTC] PHP Warning:  Attempt to read property "preco" on array in /var/www/site2.com/public_html/src/views/vendas/index.php on line 147
[26-Nov-2025 20:05:32 UTC] PHP Deprecated:  number_format(): Passing null to parameter #1 ($num) of type float is deprecated in /var/www/site2.com/public_html/src/views/vendas/index.php on line 147
[26-Nov-2025 20:05:32 UTC] PHP Warning:  Attempt to read property "id" on array in /var/www/site2.com/public_html/src/views/vendas/index.php on line 142
[26-Nov-2025 20:05:32 UTC] PHP Warning:  Attempt to read property "nome" on array in /var/www/site2.com/public_html/src/views/vendas/index.php on line 143
[26-Nov-2025 20:05:32 UTC] PHP Deprecated:  htmlspecialchars(): Passing null to parameter #1 ($string) of type string is deprecated in /var/www/site2.com/public_html/src/views/vendas/index.php on line 143
[26-Nov-2025 20:05:32 UTC] PHP Warning:  Attempt to read property "descricao" on array in /var/www/site2.com/public_html/src/views/vendas/index.php on line 144
[26-Nov-2025 20:05:32 UTC] PHP Deprecated:  htmlspecialchars(): Passing null to parameter #1 ($string) of type string is deprecated in /var/www/site2.com/public_html/src/views/vendas/index.php on line 144
[26-Nov-2025 20:05:32 UTC] PHP Warning:  Attempt to read property "preco" on array in /var/www/site2.com/public_html/src/views/vendas/index.php on line 145
[26-Nov-2025 20:05:32 UTC] PHP Deprecated:  number_format(): Passing null to parameter #1 ($num) of type float is deprecated in /var/www/site2.com/public_html/src/views/vendas/index.php on line 145
[26-Nov-2025 20:05:32 UTC] PHP Warning:  Attempt to read property "quantidade_estoque" on array in /var/www/site2.com/public_html/src/views/vendas/index.php on line 146
[26-Nov-2025 20:05:32 UTC] PHP Warning:  Attempt to read property "nome" on array in /var/www/site2.com/public_html/src/views/vendas/index.php on line 147
[26-Nov-2025 20:05:32 UTC] PHP Deprecated:  htmlspecialchars(): Passing null to parameter #1 ($string) of type string is deprecated in /var/www/site2.com/public_html/src/views/vendas/index.php on line 147
[26-Nov-2025 20:05:32 UTC] PHP Warning:  Attempt to read property "preco" on array in /var/www/site2.com/public_html/src/views/vendas/index.php on line 147
[26-Nov-2025 20:05:32 UTC] PHP Deprecated:  number_format(): Passing null to parameter #1 ($num) of type float is deprecated in /var/www/site2.com/public_html/src/views/vendas/index.php on line 147
[26-Nov-2025 20:05:32 UTC] PHP Warning:  Attempt to read property "id" on array in /var/www/site2.com/public_html/src/views/vendas/index.php on line 142
[26-Nov-2025 20:05:32 UTC] PHP Warning:  Attempt to read property "nome" on array in /var/www/site2.com/public_html/src/views/vendas/index.php on line 143
[26-Nov-2025 20:05:32 UTC] PHP Deprecated:  htmlspecialchars(): Passing null to parameter #1 ($string) of type string is deprecated in /var/www/site2.com/public_html/src/views/vendas/index.php on line 143
[26-Nov-2025 20:05:32 UTC] PHP Warning:  Attempt to read property "descricao" on array in /var/www/site2.com/public_html/src/views/vendas/index.php on line 144
[26-Nov-2025 20:05:32 UTC] PHP Deprecated:  htmlspecialchars(): Passing null to parameter #1 ($string) of type string is deprecated in /var/www/site2.com/public_html/src/views/vendas/index.php on line 144
[26-Nov-2025 20:05:32 UTC] PHP Warning:  Attempt to read property "preco" on array in /var/www/site2.com/public_html/src/views/vendas/index.php on line 145
[26-Nov-2025 20:05:32 UTC] PHP Deprecated:  number_format(): Passing null to parameter #1 ($num) of type float is deprecated in /var/www/site2.com/public_html/src/views/vendas/index.php on line 145
[26-Nov-2025 20:05:32 UTC] PHP Warning:  Attempt to read property "quantidade_estoque" on array in /var/www/site2.com/public_html/src/views/vendas/index.php on line 146
[26-Nov-2025 20:05:32 UTC] PHP Warning:  Attempt to read property "nome" on array in /var/www/site2.com/public_html/src/views/vendas/index.php on line 147
[26-Nov-2025 20:05:32 UTC] PHP Deprecated:  htmlspecialchars(): Passing null to parameter #1 ($string) of type string is deprecated in /var/www/site2.com/public_html/src/views/vendas/index.php on line 147
[26-Nov-2025 20:05:32 UTC] PHP Warning:  Attempt to read property "preco" on array in /var/www/site2.com/public_html/src/views/vendas/index.php on line 147
[26-Nov-2025 20:05:32 UTC] PHP Deprecated:  number_format(): Passing null to parameter #1 ($num) of type float is deprecated in /var/www/site2.com/public_html/src/views/vendas/index.php on line 147
[26-Nov-2025 20:05:32 UTC] PHP Warning:  Attempt to read property "id" on array in /var/www/site2.com/public_html/src/views/vendas/index.php on line 142
[26-Nov-2025 20:05:32 UTC] PHP Warning:  Attempt to read property "nome" on array in /var/www/site2.com/public_html/src/views/vendas/index.php on line 143
[26-Nov-2025 20:05:32 UTC] PHP Deprecated:  htmlspecialchars(): Passing null to parameter #1 ($string) of type string is deprecated in /var/www/site2.com/public_html/src/views/vendas/index.php on line 143
[26-Nov-2025 20:05:32 UTC] PHP Warning:  Attempt to read property "descricao" on array in /var/www/site2.com/public_html/src/views/vendas/index.php on line 144
[26-Nov-2025 20:05:32 UTC] PHP Deprecated:  htmlspecialchars(): Passing null to parameter #1 ($string) of type string is deprecated in /var/www/site2.com/public_html/src/views/vendas/index.php on line 144
[26-Nov-2025 20:05:32 UTC] PHP Warning:  Attempt to read property "preco" on array in /var/www/site2.com/public_html/src/views/vendas/index.php on line 145
[26-Nov-2025 20:05:32 UTC] PHP Deprecated:  number_format(): Passing null to parameter #1 ($num) of type float is deprecated in /var/www/site2.com/public_html/src/views/vendas/index.php on line 145
[26-Nov-2025 20:05:32 UTC] PHP Warning:  Attempt to read property "quantidade_estoque" on array in /var/www/site2.com/public_html/src/views/vendas/index.php on line 146
[26-Nov-2025 20:05:32 UTC] PHP Warning:  Attempt to read property "nome" on array in /var/www/site2.com/public_html/src/views/vendas/index.php on line 147
[26-Nov-2025 20:05:32 UTC] PHP Deprecated:  htmlspecialchars(): Passing null to parameter #1 ($string) of type string is deprecated in /var/www/site2.com/public_html/src/views/vendas/index.php on line 147
[26-Nov-2025 20:05:32 UTC] PHP Warning:  Attempt to read property "preco" on array in /var/www/site2.com/public_html/src/views/vendas/index.php on line 147
[26-Nov-2025 20:05:32 UTC] PHP Deprecated:  number_format(): Passing null to parameter #1 ($num) of type float is deprecated in /var/www/site2.com/public_html/src/views/vendas/index.php on line 147
[26-Nov-2025 20:05:32 UTC] PHP Warning:  Attempt to read property "id" on array in /var/www/site2.com/public_html/src/views/vendas/index.php on line 142
[26-Nov-2025 20:05:32 UTC] PHP Warning:  Attempt to read property "nome" on array in /var/www/site2.com/public_html/src/views/vendas/index.php on line 143
[26-Nov-2025 20:05:32 UTC] PHP Deprecated:  htmlspecialchars(): Passing null to parameter #1 ($string) of type string is deprecated in /var/www/site2.com/public_html/src/views/vendas/index.php on line 143
[26-Nov-2025 20:05:32 UTC] PHP Warning:  Attempt to read property "descricao" on array in /var/www/site2.com/public_html/src/views/vendas/index.php on line 144
[26-Nov-2025 20:05:32 UTC] PHP Deprecated:  htmlspecialchars(): Passing null to parameter #1 ($string) of type string is deprecated in /var/www/site2.com/public_html/src/views/vendas/index.php on line 144
[26-Nov-2025 20:05:32 UTC] PHP Warning:  Attempt to read property "preco" on array in /var/www/site2.com/public_html/src/views/vendas/index.php on line 145
[26-Nov-2025 20:05:32 UTC] PHP Deprecated:  number_format(): Passing null to parameter #1 ($num) of type float is deprecated in /var/www/site2.com/public_html/src/views/vendas/index.php on line 145
[26-Nov-2025 20:05:32 UTC] PHP Warning:  Attempt to read property "quantidade_estoque" on array in /var/www/site2.com/public_html/src/views/vendas/index.php on line 146
[26-Nov-2025 20:05:32 UTC] PHP Warning:  Attempt to read property "nome" on array in /var/www/site2.com/public_html/src/views/vendas/index.php on line 147
[26-Nov-2025 20:05:32 UTC] PHP Deprecated:  htmlspecialchars(): Passing null to parameter #1 ($string) of type string is deprecated in /var/www/site2.com/public_html/src/views/vendas/index.php on line 147
[26-Nov-2025 20:05:32 UTC] PHP Warning:  Attempt to read property "preco" on array in /var/www/site2.com/public_html/src/views/vendas/index.php on line 147
[26-Nov-2025 20:05:32 UTC] PHP Deprecated:  number_format(): Passing null to parameter #1 ($num) of type float is deprecated in /var/www/site2.com/public_html/src/views/vendas/index.php on line 147
[26-Nov-2025 20:05:32 UTC] PHP Warning:  Attempt to read property "id" on array in /var/www/site2.com/public_html/src/views/vendas/index.php on line 142
[26-Nov-2025 20:05:32 UTC] PHP Warning:  Attempt to read property "nome" on array in /var/www/site2.com/public_html/src/views/vendas/index.php on line 143
[26-Nov-2025 20:05:32 UTC] PHP Deprecated:  htmlspecialchars(): Passing null to parameter #1 ($string) of type string is deprecated in /var/www/site2.com/public_html/src/views/vendas/index.php on line 143
[26-Nov-2025 20:05:32 UTC] PHP Warning:  Attempt to read property "descricao" on array in /var/www/site2.com/public_html/src/views/vendas/index.php on line 144
[26-Nov-2025 20:05:32 UTC] PHP Deprecated:  htmlspecialchars(): Passing null to parameter #1 ($string) of type string is deprecated in /var/www/site2.com/public_html/src/views/vendas/index.php on line 144
[26-Nov-2025 20:05:32 UTC] PHP Warning:  Attempt to read property "preco" on array in /var/www/site2.com/public_html/src/views/vendas/index.php on line 145
[26-Nov-2025 20:05:32 UTC] PHP Deprecated:  number_format(): Passing null to parameter #1 ($num) of type float is deprecated in /var/www/site2.com/public_html/src/views/vendas/index.php on line 145
[26-Nov-2025 20:05:32 UTC] PHP Warning:  Attempt to read property "quantidade_estoque" on array in /var/www/site2.com/public_html/src/views/vendas/index.php on line 146
[26-Nov-2025 20:05:32 UTC] PHP Warning:  Attempt to read property "nome" on array in /var/www/site2.com/public_html/src/views/vendas/index.php on line 147
[26-Nov-2025 20:05:32 UTC] PHP Deprecated:  htmlspecialchars(): Passing null to parameter #1 ($string) of type string is deprecated in /var/www/site2.com/public_html/src/views/vendas/index.php on line 147
[26-Nov-2025 20:05:32 UTC] PHP Warning:  Attempt to read property "preco" on array in /var/www/site2.com/public_html/src/views/vendas/index.php on line 147
[26-Nov-2025 20:05:32 UTC] PHP Deprecated:  number_format(): Passing null to parameter #1 ($num) of type float is deprecated in /var/www/site2.com/public_html/src/views/vendas/index.php on line 147
[26-Nov-2025 20:05:32 UTC] PHP Warning:  Attempt to read property "id" on array in /var/www/site2.com/public_html/src/views/vendas/index.php on line 142
[26-Nov-2025 20:05:32 UTC] PHP Warning:  Attempt to read property "nome" on array in /var/www/site2.com/public_html/src/views/vendas/index.php on line 143
[26-Nov-2025 20:05:32 UTC] PHP Deprecated:  htmlspecialchars(): Passing null to parameter #1 ($string) of type string is deprecated in /var/www/site2.com/public_html/src/views/vendas/index.php on line 143
[26-Nov-2025 20:05:32 UTC] PHP Warning:  Attempt to read property "descricao" on array in /var/www/site2.com/public_html/src/views/vendas/index.php on line 144
[26-Nov-2025 20:05:32 UTC] PHP Deprecated:  htmlspecialchars(): Passing null to parameter #1 ($string) of type string is deprecated in /var/www/site2.com/public_html/src/views/vendas/index.php on line 144
[26-Nov-2025 20:05:32 UTC] PHP Warning:  Attempt to read property "preco" on array in /var/www/site2.com/public_html/src/views/vendas/index.php on line 145
[26-Nov-2025 20:05:32 UTC] PHP Deprecated:  number_format(): Passing null to parameter #1 ($num) of type float is deprecated in /var/www/site2.com/public_html/src/views/vendas/index.php on line 145
[26-Nov-2025 20:05:32 UTC] PHP Warning:  Attempt to read property "quantidade_estoque" on array in /var/www/site2.com/public_html/src/views/vendas/index.php on line 146
[26-Nov-2025 20:05:32 UTC] PHP Warning:  Attempt to read property "nome" on array in /var/www/site2.com/public_html/src/views/vendas/index.php on line 147
[26-Nov-2025 20:05:32 UTC] PHP Deprecated:  htmlspecialchars(): Passing null to parameter #1 ($string) of type string is deprecated in /var/www/site2.com/public_html/src/views/vendas/index.php on line 147
[26-Nov-2025 20:05:32 UTC] PHP Warning:  Attempt to read property "preco" on array in /var/www/site2.com/public_html/src/views/vendas/index.php on line 147
[26-Nov-2025 20:05:32 UTC] PHP Deprecated:  number_format(): Passing null to parameter #1 ($num) of type float is deprecated in /var/www/site2.com/public_html/src/views/vendas/index.php on line 147
[26-Nov-2025 20:05:32 UTC] PHP Warning:  Attempt to read property "nome" on array in /var/www/site2.com/public_html/src/views/vendas/index.php on line 188
[26-Nov-2025 20:05:32 UTC] PHP Deprecated:  htmlspecialchars(): Passing null to parameter #1 ($string) of type string is deprecated in /var/www/site2.com/public_html/src/views/vendas/index.php on line 188
[26-Nov-2025 20:05:32 UTC] PHP Warning:  Attempt to read property "nome" on array in /var/www/site2.com/public_html/src/views/vendas/index.php on line 189
[26-Nov-2025 20:05:32 UTC] PHP Deprecated:  htmlspecialchars(): Passing null to parameter #1 ($string) of type string is deprecated in /var/www/site2.com/public_html/src/views/vendas/index.php on line 189
[26-Nov-2025 20:05:32 UTC] PHP Warning:  Attempt to read property "quantidade_estoque" on array in /var/www/site2.com/public_html/src/views/vendas/index.php on line 191
[26-Nov-2025 20:05:32 UTC] PHP Warning:  Attempt to read property "quantidade_estoque" on array in /var/www/site2.com/public_html/src/views/vendas/index.php on line 192
[26-Nov-2025 20:05:32 UTC] PHP Warning:  Attempt to read property "descricao" on array in /var/www/site2.com/public_html/src/views/vendas/index.php on line 196
[26-Nov-2025 20:05:32 UTC] PHP Deprecated:  mb_strimwidth(): Passing null to parameter #1 ($string) of type string is deprecated in /var/www/site2.com/public_html/src/views/vendas/index.php on line 196
[26-Nov-2025 20:05:32 UTC] PHP Warning:  Attempt to read property "preco" on array in /var/www/site2.com/public_html/src/views/vendas/index.php on line 200
[26-Nov-2025 20:05:32 UTC] PHP Deprecated:  number_format(): Passing null to parameter #1 ($num) of type float is deprecated in /var/www/site2.com/public_html/src/views/vendas/index.php on line 200
[26-Nov-2025 20:05:32 UTC] PHP Warning:  Attempt to read property "sku" on array in /var/www/site2.com/public_html/src/views/vendas/index.php on line 203
[26-Nov-2025 20:05:32 UTC] PHP Deprecated:  htmlspecialchars(): Passing null to parameter #1 ($string) of type string is deprecated in /var/www/site2.com/public_html/src/views/vendas/index.php on line 203
[26-Nov-2025 20:05:32 UTC] PHP Warning:  Attempt to read property "id" on array in /var/www/site2.com/public_html/src/views/vendas/index.php on line 207
[26-Nov-2025 20:05:32 UTC] PHP Warning:  Attempt to read property "id" on array in /var/www/site2.com/public_html/src/views/vendas/index.php on line 213
[26-Nov-2025 20:05:32 UTC] PHP Warning:  Attempt to read property "nome" on array in /var/www/site2.com/public_html/src/views/vendas/index.php on line 213
[26-Nov-2025 20:05:32 UTC] PHP Deprecated:  addslashes(): Passing null to parameter #1 ($string) of type string is deprecated in /var/www/site2.com/public_html/src/views/vendas/index.php on line 213
[26-Nov-2025 20:05:32 UTC] PHP Warning:  Attempt to read property "nome" on array in /var/www/site2.com/public_html/src/views/vendas/index.php on line 188
[26-Nov-2025 20:05:32 UTC] PHP Deprecated:  htmlspecialchars(): Passing null to parameter #1 ($string) of type string is deprecated in /var/www/site2.com/public_html/src/views/vendas/index.php on line 188
[26-Nov-2025 20:05:32 UTC] PHP Warning:  Attempt to read property "nome" on array in /var/www/site2.com/public_html/src/views/vendas/index.php on line 189
[26-Nov-2025 20:05:32 UTC] PHP Deprecated:  htmlspecialchars(): Passing null to parameter #1 ($string) of type string is deprecated in /var/www/site2.com/public_html/src/views/vendas/index.php on line 189
[26-Nov-2025 20:05:32 UTC] PHP Warning:  Attempt to read property "quantidade_estoque" on array in /var/www/site2.com/public_html/src/views/vendas/index.php on line 191
[26-Nov-2025 20:05:32 UTC] PHP Warning:  Attempt to read property "quantidade_estoque" on array in /var/www/site2.com/public_html/src/views/vendas/index.php on line 192
[26-Nov-2025 20:05:32 UTC] PHP Warning:  Attempt to read property "descricao" on array in /var/www/site2.com/public_html/src/views/vendas/index.php on line 196
[26-Nov-2025 20:05:32 UTC] PHP Deprecated:  mb_strimwidth(): Passing null to parameter #1 ($string) of type string is deprecated in /var/www/site2.com/public_html/src/views/vendas/index.php on line 196
[26-Nov-2025 20:05:32 UTC] PHP Warning:  Attempt to read property "preco" on array in /var/www/site2.com/public_html/src/views/vendas/index.php on line 200
[26-Nov-2025 20:05:32 UTC] PHP Deprecated:  number_format(): Passing null to parameter #1 ($num) of type float is deprecated in /var/www/site2.com/public_html/src/views/vendas/index.php on line 200
[26-Nov-2025 20:05:32 UTC] PHP Warning:  Attempt to read property "sku" on array in /var/www/site2.com/public_html/src/views/vendas/index.php on line 203
[26-Nov-2025 20:05:32 UTC] PHP Deprecated:  htmlspecialchars(): Passing null to parameter #1 ($string) of type string is deprecated in /var/www/site2.com/public_html/src/views/vendas/index.php on line 203
[26-Nov-2025 20:05:32 UTC] PHP Warning:  Attempt to read property "id" on array in /var/www/site2.com/public_html/src/views/vendas/index.php on line 207
[26-Nov-2025 20:05:32 UTC] PHP Warning:  Attempt to read property "id" on array in /var/www/site2.com/public_html/src/views/vendas/index.php on line 213
[26-Nov-2025 20:05:32 UTC] PHP Warning:  Attempt to read property "nome" on array in /var/www/site2.com/public_html/src/views/vendas/index.php on line 213
[26-Nov-2025 20:05:32 UTC] PHP Deprecated:  addslashes(): Passing null to parameter #1 ($string) of type string is deprecated in /var/www/site2.com/public_html/src/views/vendas/index.php on line 213
[26-Nov-2025 20:05:32 UTC] PHP Warning:  Attempt to read property "nome" on array in /var/www/site2.com/public_html/src/views/vendas/index.php on line 188
[26-Nov-2025 20:05:32 UTC] PHP Deprecated:  htmlspecialchars(): Passing null to parameter #1 ($string) of type string is deprecated in /var/www/site2.com/public_html/src/views/vendas/index.php on line 188
[26-Nov-2025 20:05:32 UTC] PHP Warning:  Attempt to read property "nome" on array in /var/www/site2.com/public_html/src/views/vendas/index.php on line 189
[26-Nov-2025 20:05:32 UTC] PHP Deprecated:  htmlspecialchars(): Passing null to parameter #1 ($string) of type string is deprecated in /var/www/site2.com/public_html/src/views/vendas/index.php on line 189
[26-Nov-2025 20:05:32 UTC] PHP Warning:  Attempt to read property "quantidade_estoque" on array in /var/www/site2.com/public_html/src/views/vendas/index.php on line 191
[26-Nov-2025 20:05:32 UTC] PHP Warning:  Attempt to read property "quantidade_estoque" on array in /var/www/site2.com/public_html/src/views/vendas/index.php on line 192
[26-Nov-2025 20:05:32 UTC] PHP Warning:  Attempt to read property "descricao" on array in /var/www/site2.com/public_html/src/views/vendas/index.php on line 196
[26-Nov-2025 20:05:32 UTC] PHP Deprecated:  mb_strimwidth(): Passing null to parameter #1 ($string) of type string is deprecated in /var/www/site2.com/public_html/src/views/vendas/index.php on line 196
[26-Nov-2025 20:05:32 UTC] PHP Warning:  Attempt to read property "preco" on array in /var/www/site2.com/public_html/src/views/vendas/index.php on line 200
[26-Nov-2025 20:05:32 UTC] PHP Deprecated:  number_format(): Passing null to parameter #1 ($num) of type float is deprecated in /var/www/site2.com/public_html/src/views/vendas/index.php on line 200
[26-Nov-2025 20:05:32 UTC] PHP Warning:  Attempt to read property "sku" on array in /var/www/site2.com/public_html/src/views/vendas/index.php on line 203
[26-Nov-2025 20:05:32 UTC] PHP Deprecated:  htmlspecialchars(): Passing null to parameter #1 ($string) of type string is deprecated in /var/www/site2.com/public_html/src/views/vendas/index.php on line 203
[26-Nov-2025 20:05:32 UTC] PHP Warning:  Attempt to read property "id" on array in /var/www/site2.com/public_html/src/views/vendas/index.php on line 207
[26-Nov-2025 20:05:32 UTC] PHP Warning:  Attempt to read property "id" on array in /var/www/site2.com/public_html/src/views/vendas/index.php on line 213
[26-Nov-2025 20:05:32 UTC] PHP Warning:  Attempt to read property "nome" on array in /var/www/site2.com/public_html/src/views/vendas/index.php on line 213
[26-Nov-2025 20:05:32 UTC] PHP Deprecated:  addslashes(): Passing null to parameter #1 ($string) of type string is deprecated in /var/www/site2.com/public_html/src/views/vendas/index.php on line 213
[26-Nov-2025 20:05:32 UTC] PHP Warning:  Attempt to read property "nome" on array in /var/www/site2.com/public_html/src/views/vendas/index.php on line 188
[26-Nov-2025 20:05:32 UTC] PHP Deprecated:  htmlspecialchars(): Passing null to parameter #1 ($string) of type string is deprecated in /var/www/site2.com/public_html/src/views/vendas/index.php on line 188
[26-Nov-2025 20:05:32 UTC] PHP Warning:  Attempt to read property "nome" on array in /var/www/site2.com/public_html/src/views/vendas/index.php on line 189
[26-Nov-2025 20:05:32 UTC] PHP Deprecated:  htmlspecialchars(): Passing null to parameter #1 ($string) of type string is deprecated in /var/www/site2.com/public_html/src/views/vendas/index.php on line 189
[26-Nov-2025 20:05:32 UTC] PHP Warning:  Attempt to read property "quantidade_estoque" on array in /var/www/site2.com/public_html/src/views/vendas/index.php on line 191
[26-Nov-2025 20:05:32 UTC] PHP Warning:  Attempt to read property "quantidade_estoque" on array in /var/www/site2.com/public_html/src/views/vendas/index.php on line 192
[26-Nov-2025 20:05:32 UTC] PHP Warning:  Attempt to read property "descricao" on array in /var/www/site2.com/public_html/src/views/vendas/index.php on line 196
[26-Nov-2025 20:05:32 UTC] PHP Deprecated:  mb_strimwidth(): Passing null to parameter #1 ($string) of type string is deprecated in /var/www/site2.com/public_html/src/views/vendas/index.php on line 196
[26-Nov-2025 20:05:32 UTC] PHP Warning:  Attempt to read property "preco" on array in /var/www/site2.com/public_html/src/views/vendas/index.php on line 200
[26-Nov-2025 20:05:32 UTC] PHP Deprecated:  number_format(): Passing null to parameter #1 ($num) of type float is deprecated in /var/www/site2.com/public_html/src/views/vendas/index.php on line 200
[26-Nov-2025 20:05:32 UTC] PHP Warning:  Attempt to read property "sku" on array in /var/www/site2.com/public_html/src/views/vendas/index.php on line 203
[26-Nov-2025 20:05:32 UTC] PHP Deprecated:  htmlspecialchars(): Passing null to parameter #1 ($string) of type string is deprecated in /var/www/site2.com/public_html/src/views/vendas/index.php on line 203
[26-Nov-2025 20:05:32 UTC] PHP Warning:  Attempt to read property "id" on array in /var/www/site2.com/public_html/src/views/vendas/index.php on line 207
[26-Nov-2025 20:05:32 UTC] PHP Warning:  Attempt to read property "id" on array in /var/www/site2.com/public_html/src/views/vendas/index.php on line 213
[26-Nov-2025 20:05:32 UTC] PHP Warning:  Attempt to read property "nome" on array in /var/www/site2.com/public_html/src/views/vendas/index.php on line 213
[26-Nov-2025 20:05:32 UTC] PHP Deprecated:  addslashes(): Passing null to parameter #1 ($string) of type string is deprecated in /var/www/site2.com/public_html/src/views/vendas/index.php on line 213
[26-Nov-2025 20:05:32 UTC] PHP Warning:  Attempt to read property "nome" on array in /var/www/site2.com/public_html/src/views/vendas/index.php on line 188
[26-Nov-2025 20:05:32 UTC] PHP Deprecated:  htmlspecialchars(): Passing null to parameter #1 ($string) of type string is deprecated in /var/www/site2.com/public_html/src/views/vendas/index.php on line 188
[26-Nov-2025 20:05:32 UTC] PHP Warning:  Attempt to read property "nome" on array in /var/www/site2.com/public_html/src/views/vendas/index.php on line 189
[26-Nov-2025 20:05:32 UTC] PHP Deprecated:  htmlspecialchars(): Passing null to parameter #1 ($string) of type string is deprecated in /var/www/site2.com/public_html/src/views/vendas/index.php on line 189
[26-Nov-2025 20:05:32 UTC] PHP Warning:  Attempt to read property "quantidade_estoque" on array in /var/www/site2.com/public_html/src/views/vendas/index.php on line 191
[26-Nov-2025 20:05:32 UTC] PHP Warning:  Attempt to read property "quantidade_estoque" on array in /var/www/site2.com/public_html/src/views/vendas/index.php on line 192
[26-Nov-2025 20:05:32 UTC] PHP Warning:  Attempt to read property "descricao" on array in /var/www/site2.com/public_html/src/views/vendas/index.php on line 196
[26-Nov-2025 20:05:32 UTC] PHP Deprecated:  mb_strimwidth(): Passing null to parameter #1 ($string) of type string is deprecated in /var/www/site2.com/public_html/src/views/vendas/index.php on line 196
[26-Nov-2025 20:05:32 UTC] PHP Warning:  Attempt to read property "preco" on array in /var/www/site2.com/public_html/src/views/vendas/index.php on line 200
[26-Nov-2025 20:05:32 UTC] PHP Deprecated:  number_format(): Passing null to parameter #1 ($num) of type float is deprecated in /var/www/site2.com/public_html/src/views/vendas/index.php on line 200
[26-Nov-2025 20:05:32 UTC] PHP Warning:  Attempt to read property "sku" on array in /var/www/site2.com/public_html/src/views/vendas/index.php on line 203
[26-Nov-2025 20:05:32 UTC] PHP Deprecated:  htmlspecialchars(): Passing null to parameter #1 ($string) of type string is deprecated in /var/www/site2.com/public_html/src/views/vendas/index.php on line 203
[26-Nov-2025 20:05:32 UTC] PHP Warning:  Attempt to read property "id" on array in /var/www/site2.com/public_html/src/views/vendas/index.php on line 207
[26-Nov-2025 20:05:32 UTC] PHP Warning:  Attempt to read property "id" on array in /var/www/site2.com/public_html/src/views/vendas/index.php on line 213
[26-Nov-2025 20:05:32 UTC] PHP Warning:  Attempt to read property "nome" on array in /var/www/site2.com/public_html/src/views/vendas/index.php on line 213
[26-Nov-2025 20:05:32 UTC] PHP Deprecated:  addslashes(): Passing null to parameter #1 ($string) of type string is deprecated in /var/www/site2.com/public_html/src/views/vendas/index.php on line 213
[26-Nov-2025 20:05:32 UTC] PHP Warning:  Attempt to read property "nome" on array in /var/www/site2.com/public_html/src/views/vendas/index.php on line 188
[26-Nov-2025 20:05:32 UTC] PHP Deprecated:  htmlspecialchars(): Passing null to parameter #1 ($string) of type string is deprecated in /var/www/site2.com/public_html/src/views/vendas/index.php on line 188
[26-Nov-2025 20:05:32 UTC] PHP Warning:  Attempt to read property "nome" on array in /var/www/site2.com/public_html/src/views/vendas/index.php on line 189
[26-Nov-2025 20:05:32 UTC] PHP Deprecated:  htmlspecialchars(): Passing null to parameter #1 ($string) of type string is deprecated in /var/www/site2.com/public_html/src/views/vendas/index.php on line 189
[26-Nov-2025 20:05:32 UTC] PHP Warning:  Attempt to read property "quantidade_estoque" on array in /var/www/site2.com/public_html/src/views/vendas/index.php on line 191
[26-Nov-2025 20:05:32 UTC] PHP Warning:  Attempt to read property "quantidade_estoque" on array in /var/www/site2.com/public_html/src/views/vendas/index.php on line 192
[26-Nov-2025 20:05:32 UTC] PHP Warning:  Attempt to read property "descricao" on array in /var/www/site2.com/public_html/src/views/vendas/index.php on line 196
[26-Nov-2025 20:05:32 UTC] PHP Deprecated:  mb_strimwidth(): Passing null to parameter #1 ($string) of type string is deprecated in /var/www/site2.com/public_html/src/views/vendas/index.php on line 196
[26-Nov-2025 20:05:32 UTC] PHP Warning:  Attempt to read property "preco" on array in /var/www/site2.com/public_html/src/views/vendas/index.php on line 200
[26-Nov-2025 20:05:32 UTC] PHP Deprecated:  number_format(): Passing null to parameter #1 ($num) of type float is deprecated in /var/www/site2.com/public_html/src/views/vendas/index.php on line 200
[26-Nov-2025 20:05:32 UTC] PHP Warning:  Attempt to read property "sku" on array in /var/www/site2.com/public_html/src/views/vendas/index.php on line 203
[26-Nov-2025 20:05:32 UTC] PHP Deprecated:  htmlspecialchars(): Passing null to parameter #1 ($string) of type string is deprecated in /var/www/site2.com/public_html/src/views/vendas/index.php on line 203
[26-Nov-2025 20:05:32 UTC] PHP Warning:  Attempt to read property "id" on array in /var/www/site2.com/public_html/src/views/vendas/index.php on line 207
[26-Nov-2025 20:05:32 UTC] PHP Warning:  Attempt to read property "id" on array in /var/www/site2.com/public_html/src/views/vendas/index.php on line 213
[26-Nov-2025 20:05:32 UTC] PHP Warning:  Attempt to read property "nome" on array in /var/www/site2.com/public_html/src/views/vendas/index.php on line 213
[26-Nov-2025 20:05:32 UTC] PHP Deprecated:  addslashes(): Passing null to parameter #1 ($string) of type string is deprecated in /var/www/site2.com/public_html/src/views/vendas/index.php on line 213
[26-Nov-2025 20:05:32 UTC] PHP Warning:  Attempt to read property "nome" on array in /var/www/site2.com/public_html/src/views/vendas/index.php on line 188
[26-Nov-2025 20:05:32 UTC] PHP Deprecated:  htmlspecialchars(): Passing null to parameter #1 ($string) of type string is deprecated in /var/www/site2.com/public_html/src/views/vendas/index.php on line 188
[26-Nov-2025 20:05:32 UTC] PHP Warning:  Attempt to read property "nome" on array in /var/www/site2.com/public_html/src/views/vendas/index.php on line 189
[26-Nov-2025 20:05:32 UTC] PHP Deprecated:  htmlspecialchars(): Passing null to parameter #1 ($string) of type string is deprecated in /var/www/site2.com/public_html/src/views/vendas/index.php on line 189
[26-Nov-2025 20:05:32 UTC] PHP Warning:  Attempt to read property "quantidade_estoque" on array in /var/www/site2.com/public_html/src/views/vendas/index.php on line 191
[26-Nov-2025 20:05:32 UTC] PHP Warning:  Attempt to read property "quantidade_estoque" on array in /var/www/site2.com/public_html/src/views/vendas/index.php on line 192
[26-Nov-2025 20:05:32 UTC] PHP Warning:  Attempt to read property "descricao" on array in /var/www/site2.com/public_html/src/views/vendas/index.php on line 196
[26-Nov-2025 20:05:32 UTC] PHP Deprecated:  mb_strimwidth(): Passing null to parameter #1 ($string) of type string is deprecated in /var/www/site2.com/public_html/src/views/vendas/index.php on line 196
[26-Nov-2025 20:05:32 UTC] PHP Warning:  Attempt to read property "preco" on array in /var/www/site2.com/public_html/src/views/vendas/index.php on line 200
[26-Nov-2025 20:05:32 UTC] PHP Deprecated:  number_format(): Passing null to parameter #1 ($num) of type float is deprecated in /var/www/site2.com/public_html/src/views/vendas/index.php on line 200
[26-Nov-2025 20:05:32 UTC] PHP Warning:  Attempt to read property "sku" on array in /var/www/site2.com/public_html/src/views/vendas/index.php on line 203
[26-Nov-2025 20:05:32 UTC] PHP Deprecated:  htmlspecialchars(): Passing null to parameter #1 ($string) of type string is deprecated in /var/www/site2.com/public_html/src/views/vendas/index.php on line 203
[26-Nov-2025 20:05:32 UTC] PHP Warning:  Attempt to read property "id" on array in /var/www/site2.com/public_html/src/views/vendas/index.php on line 207
[26-Nov-2025 20:05:32 UTC] PHP Warning:  Attempt to read property "id" on array in /var/www/site2.com/public_html/src/views/vendas/index.php on line 213
[26-Nov-2025 20:05:32 UTC] PHP Warning:  Attempt to read property "nome" on array in /var/www/site2.com/public_html/src/views/vendas/index.php on line 213
[26-Nov-2025 20:05:32 UTC] PHP Deprecated:  addslashes(): Passing null to parameter #1 ($string) of type string is deprecated in /var/www/site2.com/public_html/src/views/vendas/index.php on line 213
[26-Nov-2025 20:05:32 UTC] PHP Warning:  Attempt to read property "nome" on array in /var/www/site2.com/public_html/src/views/vendas/index.php on line 188
[26-Nov-2025 20:05:32 UTC] PHP Deprecated:  htmlspecialchars(): Passing null to parameter #1 ($string) of type string is deprecated in /var/www/site2.com/public_html/src/views/vendas/index.php on line 188
[26-Nov-2025 20:05:32 UTC] PHP Warning:  Attempt to read property "nome" on array in /var/www/site2.com/public_html/src/views/vendas/index.php on line 189
[26-Nov-2025 20:05:32 UTC] PHP Deprecated:  htmlspecialchars(): Passing null to parameter #1 ($string) of type string is deprecated in /var/www/site2.com/public_html/src/views/vendas/index.php on line 189
[26-Nov-2025 20:05:32 UTC] PHP Warning:  Attempt to read property "quantidade_estoque" on array in /var/www/site2.com/public_html/src/views/vendas/index.php on line 191
[26-Nov-2025 20:05:32 UTC] PHP Warning:  Attempt to read property "quantidade_estoque" on array in /var/www/site2.com/public_html/src/views/vendas/index.php on line 192
[26-Nov-2025 20:05:32 UTC] PHP Warning:  Attempt to read property "descricao" on array in /var/www/site2.com/public_html/src/views/vendas/index.php on line 196
[26-Nov-2025 20:05:32 UTC] PHP Deprecated:  mb_strimwidth(): Passing null to parameter #1 ($string) of type string is deprecated in /var/www/site2.com/public_html/src/views/vendas/index.php on line 196
[26-Nov-2025 20:05:32 UTC] PHP Warning:  Attempt to read property "preco" on array in /var/www/site2.com/public_html/src/views/vendas/index.php on line 200
[26-Nov-2025 20:05:32 UTC] PHP Deprecated:  number_format(): Passing null to parameter #1 ($num) of type float is deprecated in /var/www/site2.com/public_html/src/views/vendas/index.php on line 200
[26-Nov-2025 20:05:32 UTC] PHP Warning:  Attempt to read property "sku" on array in /var/www/site2.com/public_html/src/views/vendas/index.php on line 203
[26-Nov-2025 20:05:32 UTC] PHP Deprecated:  htmlspecialchars(): Passing null to parameter #1 ($string) of type string is deprecated in /var/www/site2.com/public_html/src/views/vendas/index.php on line 203
[26-Nov-2025 20:05:32 UTC] PHP Warning:  Attempt to read property "id" on array in /var/www/site2.com/public_html/src/views/vendas/index.php on line 207
[26-Nov-2025 20:05:32 UTC] PHP Warning:  Attempt to read property "id" on array in /var/www/site2.com/public_html/src/views/vendas/index.php on line 213
[26-Nov-2025 20:05:32 UTC] PHP Warning:  Attempt to read property "nome" on array in /var/www/site2.com/public_html/src/views/vendas/index.php on line 213
[26-Nov-2025 20:05:32 UTC] PHP Deprecated:  addslashes(): Passing null to parameter #1 ($string) of type string is deprecated in /var/www/site2.com/public_html/src/views/vendas/index.php on line 213
[26-Nov-2025 20:05:32 UTC] PHP Warning:  Attempt to read property "nome" on array in /var/www/site2.com/public_html/src/views/vendas/index.php on line 188
[26-Nov-2025 20:05:32 UTC] PHP Deprecated:  htmlspecialchars(): Passing null to parameter #1 ($string) of type string is deprecated in /var/www/site2.com/public_html/src/views/vendas/index.php on line 188
[26-Nov-2025 20:05:32 UTC] PHP Warning:  Attempt to read property "nome" on array in /var/www/site2.com/public_html/src/views/vendas/index.php on line 189
[26-Nov-2025 20:05:32 UTC] PHP Deprecated:  htmlspecialchars(): Passing null to parameter #1 ($string) of type string is deprecated in /var/www/site2.com/public_html/src/views/vendas/index.php on line 189
[26-Nov-2025 20:05:32 UTC] PHP Warning:  Attempt to read property "quantidade_estoque" on array in /var/www/site2.com/public_html/src/views/vendas/index.php on line 191
[26-Nov-2025 20:05:32 UTC] PHP Warning:  Attempt to read property "quantidade_estoque" on array in /var/www/site2.com/public_html/src/views/vendas/index.php on line 192
[26-Nov-2025 20:05:32 UTC] PHP Warning:  Attempt to read property "descricao" on array in /var/www/site2.com/public_html/src/views/vendas/index.php on line 196
[26-Nov-2025 20:05:32 UTC] PHP Deprecated:  mb_strimwidth(): Passing null to parameter #1 ($string) of type string is deprecated in /var/www/site2.com/public_html/src/views/vendas/index.php on line 196
[26-Nov-2025 20:05:32 UTC] PHP Warning:  Attempt to read property "preco" on array in /var/www/site2.com/public_html/src/views/vendas/index.php on line 200
[26-Nov-2025 20:05:32 UTC] PHP Deprecated:  number_format(): Passing null to parameter #1 ($num) of type float is deprecated in /var/www/site2.com/public_html/src/views/vendas/index.php on line 200
[26-Nov-2025 20:05:32 UTC] PHP Warning:  Attempt to read property "sku" on array in /var/www/site2.com/public_html/src/views/vendas/index.php on line 203
[26-Nov-2025 20:05:32 UTC] PHP Deprecated:  htmlspecialchars(): Passing null to parameter #1 ($string) of type string is deprecated in /var/www/site2.com/public_html/src/views/vendas/index.php on line 203
[26-Nov-2025 20:05:32 UTC] PHP Warning:  Attempt to read property "id" on array in /var/www/site2.com/public_html/src/views/vendas/index.php on line 207
[26-Nov-2025 20:05:32 UTC] PHP Warning:  Attempt to read property "id" on array in /var/www/site2.com/public_html/src/views/vendas/index.php on line 213
[26-Nov-2025 20:05:32 UTC] PHP Warning:  Attempt to read property "nome" on array in /var/www/site2.com/public_html/src/views/vendas/index.php on line 213
[26-Nov-2025 20:05:32 UTC] PHP Deprecated:  addslashes(): Passing null to parameter #1 ($string) of type string is deprecated in /var/www/site2.com/public_html/src/views/vendas/index.php on line 213
[26-Nov-2025 20:05:32 UTC] PHP Warning:  Attempt to read property "nome" on array in /var/www/site2.com/public_html/src/views/vendas/index.php on line 188
[26-Nov-2025 20:05:32 UTC] PHP Deprecated:  htmlspecialchars(): Passing null to parameter #1 ($string) of type string is deprecated in /var/www/site2.com/public_html/src/views/vendas/index.php on line 188
[26-Nov-2025 20:05:32 UTC] PHP Warning:  Attempt to read property "nome" on array in /var/www/site2.com/public_html/src/views/vendas/index.php on line 189
[26-Nov-2025 20:05:32 UTC] PHP Deprecated:  htmlspecialchars(): Passing null to parameter #1 ($string) of type string is deprecated in /var/www/site2.com/public_html/src/views/vendas/index.php on line 189
[26-Nov-2025 20:05:32 UTC] PHP Warning:  Attempt to read property "quantidade_estoque" on array in /var/www/site2.com/public_html/src/views/vendas/index.php on line 191
[26-Nov-2025 20:05:32 UTC] PHP Warning:  Attempt to read property "quantidade_estoque" on array in /var/www/site2.com/public_html/src/views/vendas/index.php on line 192
[26-Nov-2025 20:05:32 UTC] PHP Warning:  Attempt to read property "descricao" on array in /var/www/site2.com/public_html/src/views/vendas/index.php on line 196
[26-Nov-2025 20:05:32 UTC] PHP Deprecated:  mb_strimwidth(): Passing null to parameter #1 ($string) of type string is deprecated in /var/www/site2.com/public_html/src/views/vendas/index.php on line 196
[26-Nov-2025 20:05:32 UTC] PHP Warning:  Attempt to read property "preco" on array in /var/www/site2.com/public_html/src/views/vendas/index.php on line 200
[26-Nov-2025 20:05:32 UTC] PHP Deprecated:  number_format(): Passing null to parameter #1 ($num) of type float is deprecated in /var/www/site2.com/public_html/src/views/vendas/index.php on line 200
[26-Nov-2025 20:05:32 UTC] PHP Warning:  Attempt to read property "sku" on array in /var/www/site2.com/public_html/src/views/vendas/index.php on line 203
[26-Nov-2025 20:05:32 UTC] PHP Deprecated:  htmlspecialchars(): Passing null to parameter #1 ($string) of type string is deprecated in /var/www/site2.com/public_html/src/views/vendas/index.php on line 203
[26-Nov-2025 20:05:32 UTC] PHP Warning:  Attempt to read property "id" on array in /var/www/site2.com/public_html/src/views/vendas/index.php on line 207
[26-Nov-2025 20:05:32 UTC] PHP Warning:  Attempt to read property "id" on array in /var/www/site2.com/public_html/src/views/vendas/index.php on line 213
[26-Nov-2025 20:05:32 UTC] PHP Warning:  Attempt to read property "nome" on array in /var/www/site2.com/public_html/src/views/vendas/index.php on line 213
[26-Nov-2025 20:05:32 UTC] PHP Deprecated:  addslashes(): Passing null to parameter #1 ($string) of type string is deprecated in /var/www/site2.com/public_html/src/views/vendas/index.php on line 213
[26-Nov-2025 20:05:32 UTC] PHP Warning:  Attempt to read property "nome" on array in /var/www/site2.com/public_html/src/views/vendas/index.php on line 188
[26-Nov-2025 20:05:32 UTC] PHP Deprecated:  htmlspecialchars(): Passing null to parameter #1 ($string) of type string is deprecated in /var/www/site2.com/public_html/src/views/vendas/index.php on line 188
[26-Nov-2025 20:05:32 UTC] PHP Warning:  Attempt to read property "nome" on array in /var/www/site2.com/public_html/src/views/vendas/index.php on line 189
[26-Nov-2025 20:05:32 UTC] PHP Deprecated:  htmlspecialchars(): Passing null to parameter #1 ($string) of type string is deprecated in /var/www/site2.com/public_html/src/views/vendas/index.php on line 189
[26-Nov-2025 20:05:32 UTC] PHP Warning:  Attempt to read property "quantidade_estoque" on array in /var/www/site2.com/public_html/src/views/vendas/index.php on line 191
[26-Nov-2025 20:05:32 UTC] PHP Warning:  Attempt to read property "quantidade_estoque" on array in /var/www/site2.com/public_html/src/views/vendas/index.php on line 192
[26-Nov-2025 20:05:32 UTC] PHP Warning:  Attempt to read property "descricao" on array in /var/www/site2.com/public_html/src/views/vendas/index.php on line 196
[26-Nov-2025 20:05:32 UTC] PHP Deprecated:  mb_strimwidth(): Passing null to parameter #1 ($string) of type string is deprecated in /var/www/site2.com/public_html/src/views/vendas/index.php on line 196
[26-Nov-2025 20:05:32 UTC] PHP Warning:  Attempt to read property "preco" on array in /var/www/site2.com/public_html/src/views/vendas/index.php on line 200
[26-Nov-2025 20:05:32 UTC] PHP Deprecated:  number_format(): Passing null to parameter #1 ($num) of type float is deprecated in /var/www/site2.com/public_html/src/views/vendas/index.php on line 200
[26-Nov-2025 20:05:32 UTC] PHP Warning:  Attempt to read property "sku" on array in /var/www/site2.com/public_html/src/views/vendas/index.php on line 203
[26-Nov-2025 20:05:32 UTC] PHP Deprecated:  htmlspecialchars(): Passing null to parameter #1 ($string) of type string is deprecated in /var/www/site2.com/public_html/src/views/vendas/index.php on line 203
[26-Nov-2025 20:05:32 UTC] PHP Warning:  Attempt to read property "id" on array in /var/www/site2.com/public_html/src/views/vendas/index.php on line 207
[26-Nov-2025 20:05:32 UTC] PHP Warning:  Attempt to read property "id" on array in /var/www/site2.com/public_html/src/views/vendas/index.php on line 213
[26-Nov-2025 20:05:32 UTC] PHP Warning:  Attempt to read property "nome" on array in /var/www/site2.com/public_html/src/views/vendas/index.php on line 213
[26-Nov-2025 20:05:32 UTC] PHP Deprecated:  addslashes(): Passing null to parameter #1 ($string) of type string is deprecated in /var/www/site2.com/public_html/src/views/vendas/index.php on line 213
[26-Nov-2025 20:05:32 UTC] PHP Warning:  Attempt to read property "nome" on array in /var/www/site2.com/public_html/src/views/vendas/index.php on line 188
[26-Nov-2025 20:05:32 UTC] PHP Deprecated:  htmlspecialchars(): Passing null to parameter #1 ($string) of type string is deprecated in /var/www/site2.com/public_html/src/views/vendas/index.php on line 188
[26-Nov-2025 20:05:32 UTC] PHP Warning:  Attempt to read property "nome" on array in /var/www/site2.com/public_html/src/views/vendas/index.php on line 189
[26-Nov-2025 20:05:32 UTC] PHP Deprecated:  htmlspecialchars(): Passing null to parameter #1 ($string) of type string is deprecated in /var/www/site2.com/public_html/src/views/vendas/index.php on line 189
[26-Nov-2025 20:05:32 UTC] PHP Warning:  Attempt to read property "quantidade_estoque" on array in /var/www/site2.com/public_html/src/views/vendas/index.php on line 191
[26-Nov-2025 20:05:32 UTC] PHP Warning:  Attempt to read property "quantidade_estoque" on array in /var/www/site2.com/public_html/src/views/vendas/index.php on line 192
[26-Nov-2025 20:05:32 UTC] PHP Warning:  Attempt to read property "descricao" on array in /var/www/site2.com/public_html/src/views/vendas/index.php on line 196
[26-Nov-2025 20:05:32 UTC] PHP Deprecated:  mb_strimwidth(): Passing null to parameter #1 ($string) of type string is deprecated in /var/www/site2.com/public_html/src/views/vendas/index.php on line 196
[26-Nov-2025 20:05:32 UTC] PHP Warning:  Attempt to read property "preco" on array in /var/www/site2.com/public_html/src/views/vendas/index.php on line 200
[26-Nov-2025 20:05:32 UTC] PHP Deprecated:  number_format(): Passing null to parameter #1 ($num) of type float is deprecated in /var/www/site2.com/public_html/src/views/vendas/index.php on line 200
[26-Nov-2025 20:05:32 UTC] PHP Warning:  Attempt to read property "sku" on array in /var/www/site2.com/public_html/src/views/vendas/index.php on line 203
[26-Nov-2025 20:05:32 UTC] PHP Deprecated:  htmlspecialchars(): Passing null to parameter #1 ($string) of type string is deprecated in /var/www/site2.com/public_html/src/views/vendas/index.php on line 203
[26-Nov-2025 20:05:32 UTC] PHP Warning:  Attempt to read property "id" on array in /var/www/site2.com/public_html/src/views/vendas/index.php on line 207
[26-Nov-2025 20:05:32 UTC] PHP Warning:  Attempt to read property "id" on array in /var/www/site2.com/public_html/src/views/vendas/index.php on line 213
[26-Nov-2025 20:05:32 UTC] PHP Warning:  Attempt to read property "nome" on array in /var/www/site2.com/public_html/src/views/vendas/index.php on line 213
[26-Nov-2025 20:05:32 UTC] PHP Deprecated:  addslashes(): Passing null to parameter #1 ($string) of type string is deprecated in /var/www/site2.com/public_html/src/views/vendas/index.php on line 213
[26-Nov-2025 20:05:32 UTC] PHP Warning:  Attempt to read property "nome" on array in /var/www/site2.com/public_html/src/views/vendas/index.php on line 188
[26-Nov-2025 20:05:32 UTC] PHP Deprecated:  htmlspecialchars(): Passing null to parameter #1 ($string) of type string is deprecated in /var/www/site2.com/public_html/src/views/vendas/index.php on line 188
[26-Nov-2025 20:05:32 UTC] PHP Warning:  Attempt to read property "nome" on array in /var/www/site2.com/public_html/src/views/vendas/index.php on line 189
[26-Nov-2025 20:05:32 UTC] PHP Deprecated:  htmlspecialchars(): Passing null to parameter #1 ($string) of type string is deprecated in /var/www/site2.com/public_html/src/views/vendas/index.php on line 189
[26-Nov-2025 20:05:32 UTC] PHP Warning:  Attempt to read property "quantidade_estoque" on array in /var/www/site2.com/public_html/src/views/vendas/index.php on line 191
[26-Nov-2025 20:05:32 UTC] PHP Warning:  Attempt to read property "quantidade_estoque" on array in /var/www/site2.com/public_html/src/views/vendas/index.php on line 192
[26-Nov-2025 20:05:32 UTC] PHP Warning:  Attempt to read property "descricao" on array in /var/www/site2.com/public_html/src/views/vendas/index.php on line 196
[26-Nov-2025 20:05:32 UTC] PHP Deprecated:  mb_strimwidth(): Passing null to parameter #1 ($string) of type string is deprecated in /var/www/site2.com/public_html/src/views/vendas/index.php on line 196
[26-Nov-2025 20:05:32 UTC] PHP Warning:  Attempt to read property "preco" on array in /var/www/site2.com/public_html/src/views/vendas/index.php on line 200
[26-Nov-2025 20:05:32 UTC] PHP Deprecated:  number_format(): Passing null to parameter #1 ($num) of type float is deprecated in /var/www/site2.com/public_html/src/views/vendas/index.php on line 200
[26-Nov-2025 20:05:32 UTC] PHP Warning:  Attempt to read property "sku" on array in /var/www/site2.com/public_html/src/views/vendas/index.php on line 203
[26-Nov-2025 20:05:32 UTC] PHP Deprecated:  htmlspecialchars(): Passing null to parameter #1 ($string) of type string is deprecated in /var/www/site2.com/public_html/src/views/vendas/index.php on line 203
[26-Nov-2025 20:05:32 UTC] PHP Warning:  Attempt to read property "id" on array in /var/www/site2.com/public_html/src/views/vendas/index.php on line 207
[26-Nov-2025 20:05:32 UTC] PHP Warning:  Attempt to read property "id" on array in /var/www/site2.com/public_html/src/views/vendas/index.php on line 213
[26-Nov-2025 20:05:32 UTC] PHP Warning:  Attempt to read property "nome" on array in /var/www/site2.com/public_html/src/views/vendas/index.php on line 213
[26-Nov-2025 20:05:32 UTC] PHP Deprecated:  addslashes(): Passing null to parameter #1 ($string) of type string is deprecated in /var/www/site2.com/public_html/src/views/vendas/index.php on line 213
[26-Nov-2025 20:05:32 UTC] === VENDACONTROLLER::INDEX FINALIZADO COM SUCESSO ===
[26-Nov-2025 20:11:51 UTC] === INICIANDO VENDACONTROLLER::INDEX ===
[26-Nov-2025 20:11:51 UTC] Tabela vendas existe: SIM
[26-Nov-2025 20:11:51 UTC] 1. Buscando histórico de vendas...
[26-Nov-2025 20:11:51 UTC] Buscando histórico de vendas...
[26-Nov-2025 20:11:51 UTC] ERRO ao buscar vendas: SQLSTATE[42000]: Syntax error or access violation: 1064 You have an error in your SQL syntax; check the manual that corresponds to your MySQL server version for the right syntax to use near ''50'' at line 5
[26-Nov-2025 20:11:51 UTC] Vendas encontradas: 0
[26-Nov-2025 20:11:51 UTC] Total hoje: 96503.39
[26-Nov-2025 20:11:51 UTC] 2. Buscando produtos...
[26-Nov-2025 20:11:51 UTC] Produtos encontrados: 13
[26-Nov-2025 20:11:51 UTC] 3. Caminho da view: /var/www/site2.com/public_html/app/Controllers/../../src/views/vendas/index.php
[26-Nov-2025 20:11:51 UTC] View existe: SIM
[26-Nov-2025 20:11:51 UTC] Tentando carregar view: /var/www/site2.com/public_html/app/Controllers/../../src/views/vendas/index.php
[26-Nov-2025 20:11:51 UTC] View existe: SIM
[26-Nov-2025 20:11:51 UTC] PHP Warning:  Attempt to read property "quantidade" on array in /var/www/site2.com/public_html/src/views/vendas/index.php on line 126
[26-Nov-2025 20:11:51 UTC] PHP Warning:  Attempt to read property "quantidade" on array in /var/www/site2.com/public_html/src/views/vendas/index.php on line 126
[26-Nov-2025 20:11:51 UTC] PHP Warning:  Attempt to read property "quantidade" on array in /var/www/site2.com/public_html/src/views/vendas/index.php on line 126
[26-Nov-2025 20:11:51 UTC] PHP Warning:  Attempt to read property "quantidade" on array in /var/www/site2.com/public_html/src/views/vendas/index.php on line 126
[26-Nov-2025 20:11:51 UTC] PHP Warning:  Attempt to read property "quantidade" on array in /var/www/site2.com/public_html/src/views/vendas/index.php on line 126
[26-Nov-2025 20:11:51 UTC] PHP Warning:  Attempt to read property "quantidade" on array in /var/www/site2.com/public_html/src/views/vendas/index.php on line 126
[26-Nov-2025 20:11:51 UTC] PHP Warning:  Attempt to read property "quantidade" on array in /var/www/site2.com/public_html/src/views/vendas/index.php on line 126
[26-Nov-2025 20:11:51 UTC] PHP Warning:  Attempt to read property "quantidade" on array in /var/www/site2.com/public_html/src/views/vendas/index.php on line 126
[26-Nov-2025 20:11:51 UTC] PHP Warning:  Attempt to read property "quantidade" on array in /var/www/site2.com/public_html/src/views/vendas/index.php on line 126
[26-Nov-2025 20:11:51 UTC] PHP Warning:  Attempt to read property "quantidade" on array in /var/www/site2.com/public_html/src/views/vendas/index.php on line 126
[26-Nov-2025 20:11:51 UTC] PHP Warning:  Attempt to read property "quantidade" on array in /var/www/site2.com/public_html/src/views/vendas/index.php on line 126
[26-Nov-2025 20:11:51 UTC] PHP Warning:  Attempt to read property "quantidade" on array in /var/www/site2.com/public_html/src/views/vendas/index.php on line 126
[26-Nov-2025 20:11:51 UTC] PHP Warning:  Attempt to read property "quantidade" on array in /var/www/site2.com/public_html/src/views/vendas/index.php on line 126
[26-Nov-2025 20:11:51 UTC] === VENDACONTROLLER::INDEX FINALIZADO COM SUCESSO ===
[26-Nov-2025 20:12:08 UTC] === INICIANDO VENDACONTROLLER::INDEX ===
[26-Nov-2025 20:12:08 UTC] Tabela vendas existe: SIM
[26-Nov-2025 20:12:08 UTC] 1. Buscando histórico de vendas...
[26-Nov-2025 20:12:08 UTC] Buscando histórico de vendas...
[26-Nov-2025 20:12:08 UTC] ERRO ao buscar vendas: SQLSTATE[42000]: Syntax error or access violation: 1064 You have an error in your SQL syntax; check the manual that corresponds to your MySQL server version for the right syntax to use near ''50'' at line 5
[26-Nov-2025 20:12:08 UTC] Vendas encontradas: 0
[26-Nov-2025 20:12:08 UTC] Total hoje: 96503.39
[26-Nov-2025 20:12:08 UTC] 2. Buscando produtos...
[26-Nov-2025 20:12:08 UTC] Produtos encontrados: 13
[26-Nov-2025 20:12:08 UTC] 3. Caminho da view: /var/www/site2.com/public_html/app/Controllers/../../src/views/vendas/index.php
[26-Nov-2025 20:12:08 UTC] View existe: SIM
[26-Nov-2025 20:12:08 UTC] Tentando carregar view: /var/www/site2.com/public_html/app/Controllers/../../src/views/vendas/index.php
[26-Nov-2025 20:12:08 UTC] View existe: SIM
[26-Nov-2025 20:12:08 UTC] PHP Warning:  Attempt to read property "quantidade" on array in /var/www/site2.com/public_html/src/views/vendas/index.php on line 126
[26-Nov-2025 20:12:08 UTC] PHP Warning:  Attempt to read property "quantidade" on array in /var/www/site2.com/public_html/src/views/vendas/index.php on line 126
[26-Nov-2025 20:12:08 UTC] PHP Warning:  Attempt to read property "quantidade" on array in /var/www/site2.com/public_html/src/views/vendas/index.php on line 126
[26-Nov-2025 20:12:08 UTC] PHP Warning:  Attempt to read property "quantidade" on array in /var/www/site2.com/public_html/src/views/vendas/index.php on line 126
[26-Nov-2025 20:12:08 UTC] PHP Warning:  Attempt to read property "quantidade" on array in /var/www/site2.com/public_html/src/views/vendas/index.php on line 126
[26-Nov-2025 20:12:08 UTC] PHP Warning:  Attempt to read property "quantidade" on array in /var/www/site2.com/public_html/src/views/vendas/index.php on line 126
[26-Nov-2025 20:12:08 UTC] PHP Warning:  Attempt to read property "quantidade" on array in /var/www/site2.com/public_html/src/views/vendas/index.php on line 126
[26-Nov-2025 20:12:08 UTC] PHP Warning:  Attempt to read property "quantidade" on array in /var/www/site2.com/public_html/src/views/vendas/index.php on line 126
[26-Nov-2025 20:12:08 UTC] PHP Warning:  Attempt to read property "quantidade" on array in /var/www/site2.com/public_html/src/views/vendas/index.php on line 126
[26-Nov-2025 20:12:08 UTC] PHP Warning:  Attempt to read property "quantidade" on array in /var/www/site2.com/public_html/src/views/vendas/index.php on line 126
[26-Nov-2025 20:12:08 UTC] PHP Warning:  Attempt to read property "quantidade" on array in /var/www/site2.com/public_html/src/views/vendas/index.php on line 126
[26-Nov-2025 20:12:08 UTC] PHP Warning:  Attempt to read property "quantidade" on array in /var/www/site2.com/public_html/src/views/vendas/index.php on line 126
[26-Nov-2025 20:12:08 UTC] PHP Warning:  Attempt to read property "quantidade" on array in /var/www/site2.com/public_html/src/views/vendas/index.php on line 126
[26-Nov-2025 20:12:08 UTC] === VENDACONTROLLER::INDEX FINALIZADO COM SUCESSO ===
[26-Nov-2025 20:12:09 UTC] === INICIANDO VENDACONTROLLER::INDEX ===
[26-Nov-2025 20:12:09 UTC] Tabela vendas existe: SIM
[26-Nov-2025 20:12:09 UTC] 1. Buscando histórico de vendas...
[26-Nov-2025 20:12:09 UTC] Buscando histórico de vendas...
[26-Nov-2025 20:12:09 UTC] ERRO ao buscar vendas: SQLSTATE[42000]: Syntax error or access violation: 1064 You have an error in your SQL syntax; check the manual that corresponds to your MySQL server version for the right syntax to use near ''50'' at line 5
[26-Nov-2025 20:12:09 UTC] Vendas encontradas: 0
[26-Nov-2025 20:12:09 UTC] Total hoje: 96503.39
[26-Nov-2025 20:12:09 UTC] 2. Buscando produtos...
[26-Nov-2025 20:12:09 UTC] Produtos encontrados: 13
[26-Nov-2025 20:12:09 UTC] 3. Caminho da view: /var/www/site2.com/public_html/app/Controllers/../../src/views/vendas/index.php
[26-Nov-2025 20:12:09 UTC] View existe: SIM
[26-Nov-2025 20:12:09 UTC] Tentando carregar view: /var/www/site2.com/public_html/app/Controllers/../../src/views/vendas/index.php
[26-Nov-2025 20:12:09 UTC] View existe: SIM
[26-Nov-2025 20:12:09 UTC] PHP Warning:  Attempt to read property "quantidade" on array in /var/www/site2.com/public_html/src/views/vendas/index.php on line 126
[26-Nov-2025 20:12:09 UTC] PHP Warning:  Attempt to read property "quantidade" on array in /var/www/site2.com/public_html/src/views/vendas/index.php on line 126
[26-Nov-2025 20:12:09 UTC] PHP Warning:  Attempt to read property "quantidade" on array in /var/www/site2.com/public_html/src/views/vendas/index.php on line 126
[26-Nov-2025 20:12:09 UTC] PHP Warning:  Attempt to read property "quantidade" on array in /var/www/site2.com/public_html/src/views/vendas/index.php on line 126
[26-Nov-2025 20:12:09 UTC] PHP Warning:  Attempt to read property "quantidade" on array in /var/www/site2.com/public_html/src/views/vendas/index.php on line 126
[26-Nov-2025 20:12:09 UTC] PHP Warning:  Attempt to read property "quantidade" on array in /var/www/site2.com/public_html/src/views/vendas/index.php on line 126
[26-Nov-2025 20:12:09 UTC] PHP Warning:  Attempt to read property "quantidade" on array in /var/www/site2.com/public_html/src/views/vendas/index.php on line 126
[26-Nov-2025 20:12:09 UTC] PHP Warning:  Attempt to read property "quantidade" on array in /var/www/site2.com/public_html/src/views/vendas/index.php on line 126
[26-Nov-2025 20:12:09 UTC] PHP Warning:  Attempt to read property "quantidade" on array in /var/www/site2.com/public_html/src/views/vendas/index.php on line 126
[26-Nov-2025 20:12:09 UTC] PHP Warning:  Attempt to read property "quantidade" on array in /var/www/site2.com/public_html/src/views/vendas/index.php on line 126
[26-Nov-2025 20:12:09 UTC] PHP Warning:  Attempt to read property "quantidade" on array in /var/www/site2.com/public_html/src/views/vendas/index.php on line 126
[26-Nov-2025 20:12:09 UTC] PHP Warning:  Attempt to read property "quantidade" on array in /var/www/site2.com/public_html/src/views/vendas/index.php on line 126
[26-Nov-2025 20:12:09 UTC] PHP Warning:  Attempt to read property "quantidade" on array in /var/www/site2.com/public_html/src/views/vendas/index.php on line 126
[26-Nov-2025 20:12:09 UTC] === VENDACONTROLLER::INDEX FINALIZADO COM SUCESSO ===
[26-Nov-2025 20:12:09 UTC] === INICIANDO VENDACONTROLLER::INDEX ===
[26-Nov-2025 20:12:09 UTC] Tabela vendas existe: SIM
[26-Nov-2025 20:12:09 UTC] 1. Buscando histórico de vendas...
[26-Nov-2025 20:12:09 UTC] Buscando histórico de vendas...
[26-Nov-2025 20:12:09 UTC] ERRO ao buscar vendas: SQLSTATE[42000]: Syntax error or access violation: 1064 You have an error in your SQL syntax; check the manual that corresponds to your MySQL server version for the right syntax to use near ''50'' at line 5
[26-Nov-2025 20:12:09 UTC] Vendas encontradas: 0
[26-Nov-2025 20:12:09 UTC] Total hoje: 96503.39
[26-Nov-2025 20:12:09 UTC] 2. Buscando produtos...
[26-Nov-2025 20:12:09 UTC] Produtos encontrados: 13
[26-Nov-2025 20:12:09 UTC] 3. Caminho da view: /var/www/site2.com/public_html/app/Controllers/../../src/views/vendas/index.php
[26-Nov-2025 20:12:09 UTC] View existe: SIM
[26-Nov-2025 20:12:09 UTC] Tentando carregar view: /var/www/site2.com/public_html/app/Controllers/../../src/views/vendas/index.php
[26-Nov-2025 20:12:09 UTC] View existe: SIM
[26-Nov-2025 20:12:09 UTC] PHP Warning:  Attempt to read property "quantidade" on array in /var/www/site2.com/public_html/src/views/vendas/index.php on line 126
[26-Nov-2025 20:12:09 UTC] PHP Warning:  Attempt to read property "quantidade" on array in /var/www/site2.com/public_html/src/views/vendas/index.php on line 126
[26-Nov-2025 20:12:09 UTC] PHP Warning:  Attempt to read property "quantidade" on array in /var/www/site2.com/public_html/src/views/vendas/index.php on line 126
[26-Nov-2025 20:12:09 UTC] PHP Warning:  Attempt to read property "quantidade" on array in /var/www/site2.com/public_html/src/views/vendas/index.php on line 126
[26-Nov-2025 20:12:09 UTC] PHP Warning:  Attempt to read property "quantidade" on array in /var/www/site2.com/public_html/src/views/vendas/index.php on line 126
[26-Nov-2025 20:12:09 UTC] PHP Warning:  Attempt to read property "quantidade" on array in /var/www/site2.com/public_html/src/views/vendas/index.php on line 126
[26-Nov-2025 20:12:09 UTC] PHP Warning:  Attempt to read property "quantidade" on array in /var/www/site2.com/public_html/src/views/vendas/index.php on line 126
[26-Nov-2025 20:12:09 UTC] PHP Warning:  Attempt to read property "quantidade" on array in /var/www/site2.com/public_html/src/views/vendas/index.php on line 126
[26-Nov-2025 20:12:09 UTC] PHP Warning:  Attempt to read property "quantidade" on array in /var/www/site2.com/public_html/src/views/vendas/index.php on line 126
[26-Nov-2025 20:12:09 UTC] PHP Warning:  Attempt to read property "quantidade" on array in /var/www/site2.com/public_html/src/views/vendas/index.php on line 126
[26-Nov-2025 20:12:09 UTC] PHP Warning:  Attempt to read property "quantidade" on array in /var/www/site2.com/public_html/src/views/vendas/index.php on line 126
[26-Nov-2025 20:12:09 UTC] PHP Warning:  Attempt to read property "quantidade" on array in /var/www/site2.com/public_html/src/views/vendas/index.php on line 126
[26-Nov-2025 20:12:09 UTC] PHP Warning:  Attempt to read property "quantidade" on array in /var/www/site2.com/public_html/src/views/vendas/index.php on line 126
[26-Nov-2025 20:12:09 UTC] === VENDACONTROLLER::INDEX FINALIZADO COM SUCESSO ===
[26-Nov-2025 20:12:09 UTC] === INICIANDO VENDACONTROLLER::INDEX ===
[26-Nov-2025 20:12:09 UTC] Tabela vendas existe: SIM
[26-Nov-2025 20:12:09 UTC] 1. Buscando histórico de vendas...
[26-Nov-2025 20:12:09 UTC] Buscando histórico de vendas...
[26-Nov-2025 20:12:09 UTC] ERRO ao buscar vendas: SQLSTATE[42000]: Syntax error or access violation: 1064 You have an error in your SQL syntax; check the manual that corresponds to your MySQL server version for the right syntax to use near ''50'' at line 5
[26-Nov-2025 20:12:09 UTC] Vendas encontradas: 0
[26-Nov-2025 20:12:09 UTC] Total hoje: 96503.39
[26-Nov-2025 20:12:09 UTC] 2. Buscando produtos...
[26-Nov-2025 20:12:09 UTC] Produtos encontrados: 13
[26-Nov-2025 20:12:09 UTC] 3. Caminho da view: /var/www/site2.com/public_html/app/Controllers/../../src/views/vendas/index.php
[26-Nov-2025 20:12:09 UTC] View existe: SIM
[26-Nov-2025 20:12:09 UTC] Tentando carregar view: /var/www/site2.com/public_html/app/Controllers/../../src/views/vendas/index.php
[26-Nov-2025 20:12:09 UTC] View existe: SIM
[26-Nov-2025 20:12:09 UTC] PHP Warning:  Attempt to read property "quantidade" on array in /var/www/site2.com/public_html/src/views/vendas/index.php on line 126
[26-Nov-2025 20:12:09 UTC] PHP Warning:  Attempt to read property "quantidade" on array in /var/www/site2.com/public_html/src/views/vendas/index.php on line 126
[26-Nov-2025 20:12:09 UTC] PHP Warning:  Attempt to read property "quantidade" on array in /var/www/site2.com/public_html/src/views/vendas/index.php on line 126
[26-Nov-2025 20:12:09 UTC] PHP Warning:  Attempt to read property "quantidade" on array in /var/www/site2.com/public_html/src/views/vendas/index.php on line 126
[26-Nov-2025 20:12:09 UTC] PHP Warning:  Attempt to read property "quantidade" on array in /var/www/site2.com/public_html/src/views/vendas/index.php on line 126
[26-Nov-2025 20:12:09 UTC] PHP Warning:  Attempt to read property "quantidade" on array in /var/www/site2.com/public_html/src/views/vendas/index.php on line 126
[26-Nov-2025 20:12:09 UTC] PHP Warning:  Attempt to read property "quantidade" on array in /var/www/site2.com/public_html/src/views/vendas/index.php on line 126
[26-Nov-2025 20:12:09 UTC] PHP Warning:  Attempt to read property "quantidade" on array in /var/www/site2.com/public_html/src/views/vendas/index.php on line 126
[26-Nov-2025 20:12:09 UTC] PHP Warning:  Attempt to read property "quantidade" on array in /var/www/site2.com/public_html/src/views/vendas/index.php on line 126
[26-Nov-2025 20:12:09 UTC] PHP Warning:  Attempt to read property "quantidade" on array in /var/www/site2.com/public_html/src/views/vendas/index.php on line 126
[26-Nov-2025 20:12:09 UTC] PHP Warning:  Attempt to read property "quantidade" on array in /var/www/site2.com/public_html/src/views/vendas/index.php on line 126
[26-Nov-2025 20:12:09 UTC] PHP Warning:  Attempt to read property "quantidade" on array in /var/www/site2.com/public_html/src/views/vendas/index.php on line 126
[26-Nov-2025 20:12:09 UTC] PHP Warning:  Attempt to read property "quantidade" on array in /var/www/site2.com/public_html/src/views/vendas/index.php on line 126
[26-Nov-2025 20:12:09 UTC] === VENDACONTROLLER::INDEX FINALIZADO COM SUCESSO ===
[26-Nov-2025 20:12:09 UTC] === INICIANDO VENDACONTROLLER::INDEX ===
[26-Nov-2025 20:12:09 UTC] Tabela vendas existe: SIM
[26-Nov-2025 20:12:09 UTC] 1. Buscando histórico de vendas...
[26-Nov-2025 20:12:09 UTC] Buscando histórico de vendas...
[26-Nov-2025 20:12:09 UTC] ERRO ao buscar vendas: SQLSTATE[42000]: Syntax error or access violation: 1064 You have an error in your SQL syntax; check the manual that corresponds to your MySQL server version for the right syntax to use near ''50'' at line 5
[26-Nov-2025 20:12:09 UTC] Vendas encontradas: 0
[26-Nov-2025 20:12:09 UTC] Total hoje: 96503.39
[26-Nov-2025 20:12:09 UTC] 2. Buscando produtos...
[26-Nov-2025 20:12:09 UTC] Produtos encontrados: 13
[26-Nov-2025 20:12:09 UTC] 3. Caminho da view: /var/www/site2.com/public_html/app/Controllers/../../src/views/vendas/index.php
[26-Nov-2025 20:12:09 UTC] View existe: SIM
[26-Nov-2025 20:12:09 UTC] Tentando carregar view: /var/www/site2.com/public_html/app/Controllers/../../src/views/vendas/index.php
[26-Nov-2025 20:12:09 UTC] View existe: SIM
[26-Nov-2025 20:12:09 UTC] PHP Warning:  Attempt to read property "quantidade" on array in /var/www/site2.com/public_html/src/views/vendas/index.php on line 126
[26-Nov-2025 20:12:09 UTC] PHP Warning:  Attempt to read property "quantidade" on array in /var/www/site2.com/public_html/src/views/vendas/index.php on line 126
[26-Nov-2025 20:12:09 UTC] PHP Warning:  Attempt to read property "quantidade" on array in /var/www/site2.com/public_html/src/views/vendas/index.php on line 126
[26-Nov-2025 20:12:09 UTC] PHP Warning:  Attempt to read property "quantidade" on array in /var/www/site2.com/public_html/src/views/vendas/index.php on line 126
[26-Nov-2025 20:12:09 UTC] PHP Warning:  Attempt to read property "quantidade" on array in /var/www/site2.com/public_html/src/views/vendas/index.php on line 126
[26-Nov-2025 20:12:09 UTC] PHP Warning:  Attempt to read property "quantidade" on array in /var/www/site2.com/public_html/src/views/vendas/index.php on line 126
[26-Nov-2025 20:12:09 UTC] PHP Warning:  Attempt to read property "quantidade" on array in /var/www/site2.com/public_html/src/views/vendas/index.php on line 126
[26-Nov-2025 20:12:09 UTC] PHP Warning:  Attempt to read property "quantidade" on array in /var/www/site2.com/public_html/src/views/vendas/index.php on line 126
[26-Nov-2025 20:12:09 UTC] PHP Warning:  Attempt to read property "quantidade" on array in /var/www/site2.com/public_html/src/views/vendas/index.php on line 126
[26-Nov-2025 20:12:09 UTC] PHP Warning:  Attempt to read property "quantidade" on array in /var/www/site2.com/public_html/src/views/vendas/index.php on line 126
[26-Nov-2025 20:12:09 UTC] PHP Warning:  Attempt to read property "quantidade" on array in /var/www/site2.com/public_html/src/views/vendas/index.php on line 126
[26-Nov-2025 20:12:09 UTC] PHP Warning:  Attempt to read property "quantidade" on array in /var/www/site2.com/public_html/src/views/vendas/index.php on line 126
[26-Nov-2025 20:12:09 UTC] PHP Warning:  Attempt to read property "quantidade" on array in /var/www/site2.com/public_html/src/views/vendas/index.php on line 126
[26-Nov-2025 20:12:09 UTC] === VENDACONTROLLER::INDEX FINALIZADO COM SUCESSO ===
[26-Nov-2025 20:12:10 UTC] === INICIANDO VENDACONTROLLER::INDEX ===
[26-Nov-2025 20:12:10 UTC] Tabela vendas existe: SIM
[26-Nov-2025 20:12:10 UTC] 1. Buscando histórico de vendas...
[26-Nov-2025 20:12:10 UTC] Buscando histórico de vendas...
[26-Nov-2025 20:12:10 UTC] ERRO ao buscar vendas: SQLSTATE[42000]: Syntax error or access violation: 1064 You have an error in your SQL syntax; check the manual that corresponds to your MySQL server version for the right syntax to use near ''50'' at line 5
[26-Nov-2025 20:12:10 UTC] Vendas encontradas: 0
[26-Nov-2025 20:12:10 UTC] Total hoje: 96503.39
[26-Nov-2025 20:12:10 UTC] 2. Buscando produtos...
[26-Nov-2025 20:12:10 UTC] Produtos encontrados: 13
[26-Nov-2025 20:12:10 UTC] 3. Caminho da view: /var/www/site2.com/public_html/app/Controllers/../../src/views/vendas/index.php
[26-Nov-2025 20:12:10 UTC] View existe: SIM
[26-Nov-2025 20:12:10 UTC] Tentando carregar view: /var/www/site2.com/public_html/app/Controllers/../../src/views/vendas/index.php
[26-Nov-2025 20:12:10 UTC] View existe: SIM
[26-Nov-2025 20:12:10 UTC] PHP Warning:  Attempt to read property "quantidade" on array in /var/www/site2.com/public_html/src/views/vendas/index.php on line 126
[26-Nov-2025 20:12:10 UTC] PHP Warning:  Attempt to read property "quantidade" on array in /var/www/site2.com/public_html/src/views/vendas/index.php on line 126
[26-Nov-2025 20:12:10 UTC] PHP Warning:  Attempt to read property "quantidade" on array in /var/www/site2.com/public_html/src/views/vendas/index.php on line 126
[26-Nov-2025 20:12:10 UTC] PHP Warning:  Attempt to read property "quantidade" on array in /var/www/site2.com/public_html/src/views/vendas/index.php on line 126
[26-Nov-2025 20:12:10 UTC] PHP Warning:  Attempt to read property "quantidade" on array in /var/www/site2.com/public_html/src/views/vendas/index.php on line 126
[26-Nov-2025 20:12:10 UTC] PHP Warning:  Attempt to read property "quantidade" on array in /var/www/site2.com/public_html/src/views/vendas/index.php on line 126
[26-Nov-2025 20:12:10 UTC] PHP Warning:  Attempt to read property "quantidade" on array in /var/www/site2.com/public_html/src/views/vendas/index.php on line 126
[26-Nov-2025 20:12:10 UTC] PHP Warning:  Attempt to read property "quantidade" on array in /var/www/site2.com/public_html/src/views/vendas/index.php on line 126
[26-Nov-2025 20:12:10 UTC] PHP Warning:  Attempt to read property "quantidade" on array in /var/www/site2.com/public_html/src/views/vendas/index.php on line 126
[26-Nov-2025 20:12:10 UTC] PHP Warning:  Attempt to read property "quantidade" on array in /var/www/site2.com/public_html/src/views/vendas/index.php on line 126
[26-Nov-2025 20:12:10 UTC] PHP Warning:  Attempt to read property "quantidade" on array in /var/www/site2.com/public_html/src/views/vendas/index.php on line 126
[26-Nov-2025 20:12:10 UTC] PHP Warning:  Attempt to read property "quantidade" on array in /var/www/site2.com/public_html/src/views/vendas/index.php on line 126
[26-Nov-2025 20:12:10 UTC] PHP Warning:  Attempt to read property "quantidade" on array in /var/www/site2.com/public_html/src/views/vendas/index.php on line 126
[26-Nov-2025 20:12:10 UTC] === VENDACONTROLLER::INDEX FINALIZADO COM SUCESSO ===
[26-Nov-2025 20:12:10 UTC] === INICIANDO VENDACONTROLLER::INDEX ===
[26-Nov-2025 20:12:10 UTC] Tabela vendas existe: SIM
[26-Nov-2025 20:12:10 UTC] 1. Buscando histórico de vendas...
[26-Nov-2025 20:12:10 UTC] Buscando histórico de vendas...
[26-Nov-2025 20:12:10 UTC] ERRO ao buscar vendas: SQLSTATE[42000]: Syntax error or access violation: 1064 You have an error in your SQL syntax; check the manual that corresponds to your MySQL server version for the right syntax to use near ''50'' at line 5
[26-Nov-2025 20:12:10 UTC] Vendas encontradas: 0
[26-Nov-2025 20:12:10 UTC] Total hoje: 96503.39
[26-Nov-2025 20:12:10 UTC] 2. Buscando produtos...
[26-Nov-2025 20:12:10 UTC] Produtos encontrados: 13
[26-Nov-2025 20:12:10 UTC] 3. Caminho da view: /var/www/site2.com/public_html/app/Controllers/../../src/views/vendas/index.php
[26-Nov-2025 20:12:10 UTC] View existe: SIM
[26-Nov-2025 20:12:10 UTC] Tentando carregar view: /var/www/site2.com/public_html/app/Controllers/../../src/views/vendas/index.php
[26-Nov-2025 20:12:10 UTC] View existe: SIM
[26-Nov-2025 20:12:10 UTC] PHP Warning:  Attempt to read property "quantidade" on array in /var/www/site2.com/public_html/src/views/vendas/index.php on line 126
[26-Nov-2025 20:12:10 UTC] PHP Warning:  Attempt to read property "quantidade" on array in /var/www/site2.com/public_html/src/views/vendas/index.php on line 126
[26-Nov-2025 20:12:10 UTC] PHP Warning:  Attempt to read property "quantidade" on array in /var/www/site2.com/public_html/src/views/vendas/index.php on line 126
[26-Nov-2025 20:12:10 UTC] PHP Warning:  Attempt to read property "quantidade" on array in /var/www/site2.com/public_html/src/views/vendas/index.php on line 126
[26-Nov-2025 20:12:10 UTC] PHP Warning:  Attempt to read property "quantidade" on array in /var/www/site2.com/public_html/src/views/vendas/index.php on line 126
[26-Nov-2025 20:12:10 UTC] PHP Warning:  Attempt to read property "quantidade" on array in /var/www/site2.com/public_html/src/views/vendas/index.php on line 126
[26-Nov-2025 20:12:10 UTC] PHP Warning:  Attempt to read property "quantidade" on array in /var/www/site2.com/public_html/src/views/vendas/index.php on line 126
[26-Nov-2025 20:12:10 UTC] PHP Warning:  Attempt to read property "quantidade" on array in /var/www/site2.com/public_html/src/views/vendas/index.php on line 126
[26-Nov-2025 20:12:10 UTC] PHP Warning:  Attempt to read property "quantidade" on array in /var/www/site2.com/public_html/src/views/vendas/index.php on line 126
[26-Nov-2025 20:12:10 UTC] PHP Warning:  Attempt to read property "quantidade" on array in /var/www/site2.com/public_html/src/views/vendas/index.php on line 126
[26-Nov-2025 20:12:10 UTC] PHP Warning:  Attempt to read property "quantidade" on array in /var/www/site2.com/public_html/src/views/vendas/index.php on line 126
[26-Nov-2025 20:12:10 UTC] PHP Warning:  Attempt to read property "quantidade" on array in /var/www/site2.com/public_html/src/views/vendas/index.php on line 126
[26-Nov-2025 20:12:10 UTC] PHP Warning:  Attempt to read property "quantidade" on array in /var/www/site2.com/public_html/src/views/vendas/index.php on line 126
[26-Nov-2025 20:12:10 UTC] === VENDACONTROLLER::INDEX FINALIZADO COM SUCESSO ===
[26-Nov-2025 20:12:10 UTC] === INICIANDO VENDACONTROLLER::INDEX ===
[26-Nov-2025 20:12:10 UTC] Tabela vendas existe: SIM
[26-Nov-2025 20:12:10 UTC] 1. Buscando histórico de vendas...
[26-Nov-2025 20:12:10 UTC] Buscando histórico de vendas...
[26-Nov-2025 20:12:10 UTC] ERRO ao buscar vendas: SQLSTATE[42000]: Syntax error or access violation: 1064 You have an error in your SQL syntax; check the manual that corresponds to your MySQL server version for the right syntax to use near ''50'' at line 5
[26-Nov-2025 20:12:10 UTC] Vendas encontradas: 0
[26-Nov-2025 20:12:10 UTC] Total hoje: 96503.39
[26-Nov-2025 20:12:10 UTC] 2. Buscando produtos...
[26-Nov-2025 20:12:10 UTC] Produtos encontrados: 13
[26-Nov-2025 20:12:10 UTC] 3. Caminho da view: /var/www/site2.com/public_html/app/Controllers/../../src/views/vendas/index.php
[26-Nov-2025 20:12:10 UTC] View existe: SIM
[26-Nov-2025 20:12:10 UTC] Tentando carregar view: /var/www/site2.com/public_html/app/Controllers/../../src/views/vendas/index.php
[26-Nov-2025 20:12:10 UTC] View existe: SIM
[26-Nov-2025 20:12:10 UTC] PHP Warning:  Attempt to read property "quantidade" on array in /var/www/site2.com/public_html/src/views/vendas/index.php on line 126
[26-Nov-2025 20:12:10 UTC] PHP Warning:  Attempt to read property "quantidade" on array in /var/www/site2.com/public_html/src/views/vendas/index.php on line 126
[26-Nov-2025 20:12:10 UTC] PHP Warning:  Attempt to read property "quantidade" on array in /var/www/site2.com/public_html/src/views/vendas/index.php on line 126
[26-Nov-2025 20:12:10 UTC] PHP Warning:  Attempt to read property "quantidade" on array in /var/www/site2.com/public_html/src/views/vendas/index.php on line 126
[26-Nov-2025 20:12:10 UTC] PHP Warning:  Attempt to read property "quantidade" on array in /var/www/site2.com/public_html/src/views/vendas/index.php on line 126
[26-Nov-2025 20:12:10 UTC] PHP Warning:  Attempt to read property "quantidade" on array in /var/www/site2.com/public_html/src/views/vendas/index.php on line 126
[26-Nov-2025 20:12:10 UTC] PHP Warning:  Attempt to read property "quantidade" on array in /var/www/site2.com/public_html/src/views/vendas/index.php on line 126
[26-Nov-2025 20:12:10 UTC] PHP Warning:  Attempt to read property "quantidade" on array in /var/www/site2.com/public_html/src/views/vendas/index.php on line 126
[26-Nov-2025 20:12:10 UTC] PHP Warning:  Attempt to read property "quantidade" on array in /var/www/site2.com/public_html/src/views/vendas/index.php on line 126
[26-Nov-2025 20:12:10 UTC] PHP Warning:  Attempt to read property "quantidade" on array in /var/www/site2.com/public_html/src/views/vendas/index.php on line 126
[26-Nov-2025 20:12:10 UTC] PHP Warning:  Attempt to read property "quantidade" on array in /var/www/site2.com/public_html/src/views/vendas/index.php on line 126
[26-Nov-2025 20:12:10 UTC] PHP Warning:  Attempt to read property "quantidade" on array in /var/www/site2.com/public_html/src/views/vendas/index.php on line 126
[26-Nov-2025 20:12:10 UTC] PHP Warning:  Attempt to read property "quantidade" on array in /var/www/site2.com/public_html/src/views/vendas/index.php on line 126
[26-Nov-2025 20:12:10 UTC] === VENDACONTROLLER::INDEX FINALIZADO COM SUCESSO ===
[26-Nov-2025 20:12:11 UTC] === INICIANDO VENDACONTROLLER::INDEX ===
[26-Nov-2025 20:12:11 UTC] Tabela vendas existe: SIM
[26-Nov-2025 20:12:11 UTC] 1. Buscando histórico de vendas...
[26-Nov-2025 20:12:11 UTC] Buscando histórico de vendas...
[26-Nov-2025 20:12:11 UTC] ERRO ao buscar vendas: SQLSTATE[42000]: Syntax error or access violation: 1064 You have an error in your SQL syntax; check the manual that corresponds to your MySQL server version for the right syntax to use near ''50'' at line 5
[26-Nov-2025 20:12:11 UTC] Vendas encontradas: 0
[26-Nov-2025 20:12:11 UTC] Total hoje: 96503.39
[26-Nov-2025 20:12:11 UTC] 2. Buscando produtos...
[26-Nov-2025 20:12:11 UTC] Produtos encontrados: 13
[26-Nov-2025 20:12:11 UTC] 3. Caminho da view: /var/www/site2.com/public_html/app/Controllers/../../src/views/vendas/index.php
[26-Nov-2025 20:12:11 UTC] View existe: SIM
[26-Nov-2025 20:12:11 UTC] Tentando carregar view: /var/www/site2.com/public_html/app/Controllers/../../src/views/vendas/index.php
[26-Nov-2025 20:12:11 UTC] View existe: SIM
[26-Nov-2025 20:12:11 UTC] PHP Warning:  Attempt to read property "quantidade" on array in /var/www/site2.com/public_html/src/views/vendas/index.php on line 126
[26-Nov-2025 20:12:11 UTC] PHP Warning:  Attempt to read property "quantidade" on array in /var/www/site2.com/public_html/src/views/vendas/index.php on line 126
[26-Nov-2025 20:12:11 UTC] PHP Warning:  Attempt to read property "quantidade" on array in /var/www/site2.com/public_html/src/views/vendas/index.php on line 126
[26-Nov-2025 20:12:11 UTC] PHP Warning:  Attempt to read property "quantidade" on array in /var/www/site2.com/public_html/src/views/vendas/index.php on line 126
[26-Nov-2025 20:12:11 UTC] PHP Warning:  Attempt to read property "quantidade" on array in /var/www/site2.com/public_html/src/views/vendas/index.php on line 126
[26-Nov-2025 20:12:11 UTC] PHP Warning:  Attempt to read property "quantidade" on array in /var/www/site2.com/public_html/src/views/vendas/index.php on line 126
[26-Nov-2025 20:12:11 UTC] PHP Warning:  Attempt to read property "quantidade" on array in /var/www/site2.com/public_html/src/views/vendas/index.php on line 126
[26-Nov-2025 20:12:11 UTC] PHP Warning:  Attempt to read property "quantidade" on array in /var/www/site2.com/public_html/src/views/vendas/index.php on line 126
[26-Nov-2025 20:12:11 UTC] PHP Warning:  Attempt to read property "quantidade" on array in /var/www/site2.com/public_html/src/views/vendas/index.php on line 126
[26-Nov-2025 20:12:11 UTC] PHP Warning:  Attempt to read property "quantidade" on array in /var/www/site2.com/public_html/src/views/vendas/index.php on line 126
[26-Nov-2025 20:12:11 UTC] PHP Warning:  Attempt to read property "quantidade" on array in /var/www/site2.com/public_html/src/views/vendas/index.php on line 126
[26-Nov-2025 20:12:11 UTC] PHP Warning:  Attempt to read property "quantidade" on array in /var/www/site2.com/public_html/src/views/vendas/index.php on line 126
[26-Nov-2025 20:12:11 UTC] PHP Warning:  Attempt to read property "quantidade" on array in /var/www/site2.com/public_html/src/views/vendas/index.php on line 126
[26-Nov-2025 20:12:11 UTC] === VENDACONTROLLER::INDEX FINALIZADO COM SUCESSO ===
[26-Nov-2025 20:12:11 UTC] === INICIANDO VENDACONTROLLER::INDEX ===
[26-Nov-2025 20:12:11 UTC] Tabela vendas existe: SIM
[26-Nov-2025 20:12:11 UTC] 1. Buscando histórico de vendas...
[26-Nov-2025 20:12:11 UTC] Buscando histórico de vendas...
[26-Nov-2025 20:12:11 UTC] ERRO ao buscar vendas: SQLSTATE[42000]: Syntax error or access violation: 1064 You have an error in your SQL syntax; check the manual that corresponds to your MySQL server version for the right syntax to use near ''50'' at line 5
[26-Nov-2025 20:12:11 UTC] Vendas encontradas: 0
[26-Nov-2025 20:12:11 UTC] Total hoje: 96503.39
[26-Nov-2025 20:12:11 UTC] 2. Buscando produtos...
[26-Nov-2025 20:12:11 UTC] Produtos encontrados: 13
[26-Nov-2025 20:12:11 UTC] 3. Caminho da view: /var/www/site2.com/public_html/app/Controllers/../../src/views/vendas/index.php
[26-Nov-2025 20:12:11 UTC] View existe: SIM
[26-Nov-2025 20:12:11 UTC] Tentando carregar view: /var/www/site2.com/public_html/app/Controllers/../../src/views/vendas/index.php
[26-Nov-2025 20:12:11 UTC] View existe: SIM
[26-Nov-2025 20:12:11 UTC] PHP Warning:  Attempt to read property "quantidade" on array in /var/www/site2.com/public_html/src/views/vendas/index.php on line 126
[26-Nov-2025 20:12:11 UTC] PHP Warning:  Attempt to read property "quantidade" on array in /var/www/site2.com/public_html/src/views/vendas/index.php on line 126
[26-Nov-2025 20:12:11 UTC] PHP Warning:  Attempt to read property "quantidade" on array in /var/www/site2.com/public_html/src/views/vendas/index.php on line 126
[26-Nov-2025 20:12:11 UTC] PHP Warning:  Attempt to read property "quantidade" on array in /var/www/site2.com/public_html/src/views/vendas/index.php on line 126
[26-Nov-2025 20:12:11 UTC] PHP Warning:  Attempt to read property "quantidade" on array in /var/www/site2.com/public_html/src/views/vendas/index.php on line 126
[26-Nov-2025 20:12:11 UTC] PHP Warning:  Attempt to read property "quantidade" on array in /var/www/site2.com/public_html/src/views/vendas/index.php on line 126
[26-Nov-2025 20:12:11 UTC] PHP Warning:  Attempt to read property "quantidade" on array in /var/www/site2.com/public_html/src/views/vendas/index.php on line 126
[26-Nov-2025 20:12:11 UTC] PHP Warning:  Attempt to read property "quantidade" on array in /var/www/site2.com/public_html/src/views/vendas/index.php on line 126
[26-Nov-2025 20:12:11 UTC] PHP Warning:  Attempt to read property "quantidade" on array in /var/www/site2.com/public_html/src/views/vendas/index.php on line 126
[26-Nov-2025 20:12:11 UTC] PHP Warning:  Attempt to read property "quantidade" on array in /var/www/site2.com/public_html/src/views/vendas/index.php on line 126
[26-Nov-2025 20:12:11 UTC] PHP Warning:  Attempt to read property "quantidade" on array in /var/www/site2.com/public_html/src/views/vendas/index.php on line 126
[26-Nov-2025 20:12:11 UTC] PHP Warning:  Attempt to read property "quantidade" on array in /var/www/site2.com/public_html/src/views/vendas/index.php on line 126
[26-Nov-2025 20:12:11 UTC] PHP Warning:  Attempt to read property "quantidade" on array in /var/www/site2.com/public_html/src/views/vendas/index.php on line 126
[26-Nov-2025 20:12:11 UTC] === VENDACONTROLLER::INDEX FINALIZADO COM SUCESSO ===
[26-Nov-2025 20:12:14 UTC] Tentando carregar view: /var/www/site2.com/public_html/app/Controllers/../../src/views/home.php
[26-Nov-2025 20:12:14 UTC] View existe: SIM
[26-Nov-2025 20:12:15 UTC] === INICIANDO VENDACONTROLLER::INDEX ===
[26-Nov-2025 20:12:15 UTC] Tabela vendas existe: SIM
[26-Nov-2025 20:12:15 UTC] 1. Buscando histórico de vendas...
[26-Nov-2025 20:12:15 UTC] Buscando histórico de vendas...
[26-Nov-2025 20:12:15 UTC] ERRO ao buscar vendas: SQLSTATE[42000]: Syntax error or access violation: 1064 You have an error in your SQL syntax; check the manual that corresponds to your MySQL server version for the right syntax to use near ''50'' at line 5
[26-Nov-2025 20:12:15 UTC] Vendas encontradas: 0
[26-Nov-2025 20:12:15 UTC] Total hoje: 96503.39
[26-Nov-2025 20:12:15 UTC] 2. Buscando produtos...
[26-Nov-2025 20:12:15 UTC] Produtos encontrados: 13
[26-Nov-2025 20:12:15 UTC] 3. Caminho da view: /var/www/site2.com/public_html/app/Controllers/../../src/views/vendas/index.php
[26-Nov-2025 20:12:15 UTC] View existe: SIM
[26-Nov-2025 20:12:15 UTC] Tentando carregar view: /var/www/site2.com/public_html/app/Controllers/../../src/views/vendas/index.php
[26-Nov-2025 20:12:15 UTC] View existe: SIM
[26-Nov-2025 20:12:15 UTC] PHP Warning:  Attempt to read property "quantidade" on array in /var/www/site2.com/public_html/src/views/vendas/index.php on line 126
[26-Nov-2025 20:12:15 UTC] PHP Warning:  Attempt to read property "quantidade" on array in /var/www/site2.com/public_html/src/views/vendas/index.php on line 126
[26-Nov-2025 20:12:15 UTC] PHP Warning:  Attempt to read property "quantidade" on array in /var/www/site2.com/public_html/src/views/vendas/index.php on line 126
[26-Nov-2025 20:12:15 UTC] PHP Warning:  Attempt to read property "quantidade" on array in /var/www/site2.com/public_html/src/views/vendas/index.php on line 126
[26-Nov-2025 20:12:15 UTC] PHP Warning:  Attempt to read property "quantidade" on array in /var/www/site2.com/public_html/src/views/vendas/index.php on line 126
[26-Nov-2025 20:12:15 UTC] PHP Warning:  Attempt to read property "quantidade" on array in /var/www/site2.com/public_html/src/views/vendas/index.php on line 126
[26-Nov-2025 20:12:15 UTC] PHP Warning:  Attempt to read property "quantidade" on array in /var/www/site2.com/public_html/src/views/vendas/index.php on line 126
[26-Nov-2025 20:12:15 UTC] PHP Warning:  Attempt to read property "quantidade" on array in /var/www/site2.com/public_html/src/views/vendas/index.php on line 126
[26-Nov-2025 20:12:15 UTC] PHP Warning:  Attempt to read property "quantidade" on array in /var/www/site2.com/public_html/src/views/vendas/index.php on line 126
[26-Nov-2025 20:12:15 UTC] PHP Warning:  Attempt to read property "quantidade" on array in /var/www/site2.com/public_html/src/views/vendas/index.php on line 126
[26-Nov-2025 20:12:15 UTC] PHP Warning:  Attempt to read property "quantidade" on array in /var/www/site2.com/public_html/src/views/vendas/index.php on line 126
[26-Nov-2025 20:12:15 UTC] PHP Warning:  Attempt to read property "quantidade" on array in /var/www/site2.com/public_html/src/views/vendas/index.php on line 126
[26-Nov-2025 20:12:15 UTC] PHP Warning:  Attempt to read property "quantidade" on array in /var/www/site2.com/public_html/src/views/vendas/index.php on line 126
[26-Nov-2025 20:12:15 UTC] === VENDACONTROLLER::INDEX FINALIZADO COM SUCESSO ===
[26-Nov-2025 20:12:18 UTC] Tentando carregar view: /var/www/site2.com/public_html/app/Controllers/../../src/views/login.php
[26-Nov-2025 20:12:18 UTC] View existe: SIM
[26-Nov-2025 20:12:29 UTC] === PROCESSAR LOGIN (AuthController) ===
[26-Nov-2025 20:12:29 UTC] Tentativa de login: email=kennedy@email.com, lembrar=
[26-Nov-2025 20:12:29 UTC] Login válido - configurando sessão e cookies
[26-Nov-2025 20:12:29 UTC] Limpando cookie de lembrar dados - LEMBRAR DESATIVADO
[26-Nov-2025 20:12:29 UTC] Redirecionando para /home
[26-Nov-2025 20:12:29 UTC] Tentando carregar view: /var/www/site2.com/public_html/app/Controllers/../../src/views/home.php
[26-Nov-2025 20:12:29 UTC] View existe: SIM
[26-Nov-2025 20:12:30 UTC] === INICIANDO VENDACONTROLLER::INDEX ===
[26-Nov-2025 20:12:30 UTC] Tabela vendas existe: SIM
[26-Nov-2025 20:12:30 UTC] 1. Buscando histórico de vendas...
[26-Nov-2025 20:12:30 UTC] Buscando histórico de vendas...
[26-Nov-2025 20:12:30 UTC] ERRO ao buscar vendas: SQLSTATE[42000]: Syntax error or access violation: 1064 You have an error in your SQL syntax; check the manual that corresponds to your MySQL server version for the right syntax to use near ''50'' at line 5
[26-Nov-2025 20:12:30 UTC] Vendas encontradas: 0
[26-Nov-2025 20:12:30 UTC] Total hoje: 96503.39
[26-Nov-2025 20:12:30 UTC] 2. Buscando produtos...
[26-Nov-2025 20:12:30 UTC] Produtos encontrados: 13
[26-Nov-2025 20:12:30 UTC] 3. Caminho da view: /var/www/site2.com/public_html/app/Controllers/../../src/views/vendas/index.php
[26-Nov-2025 20:12:30 UTC] View existe: SIM
[26-Nov-2025 20:12:30 UTC] Tentando carregar view: /var/www/site2.com/public_html/app/Controllers/../../src/views/vendas/index.php
[26-Nov-2025 20:12:30 UTC] View existe: SIM
[26-Nov-2025 20:12:30 UTC] PHP Warning:  Attempt to read property "quantidade" on array in /var/www/site2.com/public_html/src/views/vendas/index.php on line 126
[26-Nov-2025 20:12:30 UTC] PHP Warning:  Attempt to read property "quantidade" on array in /var/www/site2.com/public_html/src/views/vendas/index.php on line 126
[26-Nov-2025 20:12:30 UTC] PHP Warning:  Attempt to read property "quantidade" on array in /var/www/site2.com/public_html/src/views/vendas/index.php on line 126
[26-Nov-2025 20:12:30 UTC] PHP Warning:  Attempt to read property "quantidade" on array in /var/www/site2.com/public_html/src/views/vendas/index.php on line 126
[26-Nov-2025 20:12:30 UTC] PHP Warning:  Attempt to read property "quantidade" on array in /var/www/site2.com/public_html/src/views/vendas/index.php on line 126
[26-Nov-2025 20:12:30 UTC] PHP Warning:  Attempt to read property "quantidade" on array in /var/www/site2.com/public_html/src/views/vendas/index.php on line 126
[26-Nov-2025 20:12:30 UTC] PHP Warning:  Attempt to read property "quantidade" on array in /var/www/site2.com/public_html/src/views/vendas/index.php on line 126
[26-Nov-2025 20:12:30 UTC] PHP Warning:  Attempt to read property "quantidade" on array in /var/www/site2.com/public_html/src/views/vendas/index.php on line 126
[26-Nov-2025 20:12:30 UTC] PHP Warning:  Attempt to read property "quantidade" on array in /var/www/site2.com/public_html/src/views/vendas/index.php on line 126
[26-Nov-2025 20:12:30 UTC] PHP Warning:  Attempt to read property "quantidade" on array in /var/www/site2.com/public_html/src/views/vendas/index.php on line 126
[26-Nov-2025 20:12:30 UTC] PHP Warning:  Attempt to read property "quantidade" on array in /var/www/site2.com/public_html/src/views/vendas/index.php on line 126
[26-Nov-2025 20:12:30 UTC] PHP Warning:  Attempt to read property "quantidade" on array in /var/www/site2.com/public_html/src/views/vendas/index.php on line 126
[26-Nov-2025 20:12:30 UTC] PHP Warning:  Attempt to read property "quantidade" on array in /var/www/site2.com/public_html/src/views/vendas/index.php on line 126
[26-Nov-2025 20:12:30 UTC] === VENDACONTROLLER::INDEX FINALIZADO COM SUCESSO ===
[26-Nov-2025 20:12:48 UTC] === INICIANDO VENDACONTROLLER::INDEX ===
[26-Nov-2025 20:12:48 UTC] Tabela vendas existe: SIM
[26-Nov-2025 20:12:48 UTC] 1. Buscando histórico de vendas...
[26-Nov-2025 20:12:48 UTC] Buscando histórico de vendas...
[26-Nov-2025 20:12:48 UTC] ERRO ao buscar vendas: SQLSTATE[42000]: Syntax error or access violation: 1064 You have an error in your SQL syntax; check the manual that corresponds to your MySQL server version for the right syntax to use near ''50'' at line 5
[26-Nov-2025 20:12:48 UTC] Vendas encontradas: 0
[26-Nov-2025 20:12:48 UTC] Total hoje: 96503.39
[26-Nov-2025 20:12:48 UTC] 2. Buscando produtos...
[26-Nov-2025 20:12:48 UTC] Produtos encontrados: 13
[26-Nov-2025 20:12:48 UTC] 3. Caminho da view: /var/www/site2.com/public_html/app/Controllers/../../src/views/vendas/index.php
[26-Nov-2025 20:12:48 UTC] View existe: SIM
[26-Nov-2025 20:12:48 UTC] Tentando carregar view: /var/www/site2.com/public_html/app/Controllers/../../src/views/vendas/index.php
[26-Nov-2025 20:12:48 UTC] View existe: SIM
[26-Nov-2025 20:12:48 UTC] PHP Warning:  Attempt to read property "quantidade" on array in /var/www/site2.com/public_html/src/views/vendas/index.php on line 81
[26-Nov-2025 20:12:48 UTC] PHP Warning:  Attempt to read property "quantidade" on array in /var/www/site2.com/public_html/src/views/vendas/index.php on line 81
[26-Nov-2025 20:12:48 UTC] PHP Warning:  Attempt to read property "quantidade" on array in /var/www/site2.com/public_html/src/views/vendas/index.php on line 81
[26-Nov-2025 20:12:48 UTC] PHP Warning:  Attempt to read property "quantidade" on array in /var/www/site2.com/public_html/src/views/vendas/index.php on line 81
[26-Nov-2025 20:12:48 UTC] PHP Warning:  Attempt to read property "quantidade" on array in /var/www/site2.com/public_html/src/views/vendas/index.php on line 81
[26-Nov-2025 20:12:48 UTC] PHP Warning:  Attempt to read property "quantidade" on array in /var/www/site2.com/public_html/src/views/vendas/index.php on line 81
[26-Nov-2025 20:12:48 UTC] PHP Warning:  Attempt to read property "quantidade" on array in /var/www/site2.com/public_html/src/views/vendas/index.php on line 81
[26-Nov-2025 20:12:48 UTC] PHP Warning:  Attempt to read property "quantidade" on array in /var/www/site2.com/public_html/src/views/vendas/index.php on line 81
[26-Nov-2025 20:12:48 UTC] PHP Warning:  Attempt to read property "quantidade" on array in /var/www/site2.com/public_html/src/views/vendas/index.php on line 81
[26-Nov-2025 20:12:48 UTC] PHP Warning:  Attempt to read property "quantidade" on array in /var/www/site2.com/public_html/src/views/vendas/index.php on line 81
[26-Nov-2025 20:12:48 UTC] PHP Warning:  Attempt to read property "quantidade" on array in /var/www/site2.com/public_html/src/views/vendas/index.php on line 81
[26-Nov-2025 20:12:48 UTC] PHP Warning:  Attempt to read property "quantidade" on array in /var/www/site2.com/public_html/src/views/vendas/index.php on line 81
[26-Nov-2025 20:12:48 UTC] PHP Warning:  Attempt to read property "quantidade" on array in /var/www/site2.com/public_html/src/views/vendas/index.php on line 81
[26-Nov-2025 20:12:48 UTC] === VENDACONTROLLER::INDEX FINALIZADO COM SUCESSO ===
[26-Nov-2025 20:13:07 UTC] === INICIANDO VENDACONTROLLER::INDEX ===
[26-Nov-2025 20:13:07 UTC] Tabela vendas existe: SIM
[26-Nov-2025 20:13:07 UTC] 1. Buscando histórico de vendas...
[26-Nov-2025 20:13:07 UTC] Buscando histórico de vendas...
[26-Nov-2025 20:13:07 UTC] ERRO ao buscar vendas: SQLSTATE[42000]: Syntax error or access violation: 1064 You have an error in your SQL syntax; check the manual that corresponds to your MySQL server version for the right syntax to use near ''50'' at line 5
[26-Nov-2025 20:13:07 UTC] Vendas encontradas: 0
[26-Nov-2025 20:13:07 UTC] Total hoje: 96503.39
[26-Nov-2025 20:13:07 UTC] 2. Buscando produtos...
[26-Nov-2025 20:13:07 UTC] Produtos encontrados: 13
[26-Nov-2025 20:13:07 UTC] 3. Caminho da view: /var/www/site2.com/public_html/app/Controllers/../../src/views/vendas/index.php
[26-Nov-2025 20:13:07 UTC] View existe: SIM
[26-Nov-2025 20:13:07 UTC] Tentando carregar view: /var/www/site2.com/public_html/app/Controllers/../../src/views/vendas/index.php
[26-Nov-2025 20:13:07 UTC] View existe: SIM
[26-Nov-2025 20:13:07 UTC] PHP Warning:  Attempt to read property "quantidade" on array in /var/www/site2.com/public_html/src/views/vendas/index.php on line 81
[26-Nov-2025 20:13:07 UTC] PHP Warning:  Attempt to read property "quantidade" on array in /var/www/site2.com/public_html/src/views/vendas/index.php on line 81
[26-Nov-2025 20:13:07 UTC] PHP Warning:  Attempt to read property "quantidade" on array in /var/www/site2.com/public_html/src/views/vendas/index.php on line 81
[26-Nov-2025 20:13:07 UTC] PHP Warning:  Attempt to read property "quantidade" on array in /var/www/site2.com/public_html/src/views/vendas/index.php on line 81
[26-Nov-2025 20:13:07 UTC] PHP Warning:  Attempt to read property "quantidade" on array in /var/www/site2.com/public_html/src/views/vendas/index.php on line 81
[26-Nov-2025 20:13:07 UTC] PHP Warning:  Attempt to read property "quantidade" on array in /var/www/site2.com/public_html/src/views/vendas/index.php on line 81
[26-Nov-2025 20:13:07 UTC] PHP Warning:  Attempt to read property "quantidade" on array in /var/www/site2.com/public_html/src/views/vendas/index.php on line 81
[26-Nov-2025 20:13:07 UTC] PHP Warning:  Attempt to read property "quantidade" on array in /var/www/site2.com/public_html/src/views/vendas/index.php on line 81
[26-Nov-2025 20:13:07 UTC] PHP Warning:  Attempt to read property "quantidade" on array in /var/www/site2.com/public_html/src/views/vendas/index.php on line 81
[26-Nov-2025 20:13:07 UTC] PHP Warning:  Attempt to read property "quantidade" on array in /var/www/site2.com/public_html/src/views/vendas/index.php on line 81
[26-Nov-2025 20:13:07 UTC] PHP Warning:  Attempt to read property "quantidade" on array in /var/www/site2.com/public_html/src/views/vendas/index.php on line 81
[26-Nov-2025 20:13:07 UTC] PHP Warning:  Attempt to read property "quantidade" on array in /var/www/site2.com/public_html/src/views/vendas/index.php on line 81
[26-Nov-2025 20:13:07 UTC] PHP Warning:  Attempt to read property "quantidade" on array in /var/www/site2.com/public_html/src/views/vendas/index.php on line 81
[26-Nov-2025 20:13:07 UTC] === VENDACONTROLLER::INDEX FINALIZADO COM SUCESSO ===
[26-Nov-2025 20:13:07 UTC] === INICIANDO VENDACONTROLLER::INDEX ===
[26-Nov-2025 20:13:07 UTC] Tabela vendas existe: SIM
[26-Nov-2025 20:13:07 UTC] 1. Buscando histórico de vendas...
[26-Nov-2025 20:13:07 UTC] Buscando histórico de vendas...
[26-Nov-2025 20:13:07 UTC] ERRO ao buscar vendas: SQLSTATE[42000]: Syntax error or access violation: 1064 You have an error in your SQL syntax; check the manual that corresponds to your MySQL server version for the right syntax to use near ''50'' at line 5
[26-Nov-2025 20:13:07 UTC] Vendas encontradas: 0
[26-Nov-2025 20:13:07 UTC] Total hoje: 96503.39
[26-Nov-2025 20:13:07 UTC] 2. Buscando produtos...
[26-Nov-2025 20:13:07 UTC] Produtos encontrados: 13
[26-Nov-2025 20:13:07 UTC] 3. Caminho da view: /var/www/site2.com/public_html/app/Controllers/../../src/views/vendas/index.php
[26-Nov-2025 20:13:07 UTC] View existe: SIM
[26-Nov-2025 20:13:07 UTC] Tentando carregar view: /var/www/site2.com/public_html/app/Controllers/../../src/views/vendas/index.php
[26-Nov-2025 20:13:07 UTC] View existe: SIM
[26-Nov-2025 20:13:07 UTC] PHP Warning:  Attempt to read property "quantidade" on array in /var/www/site2.com/public_html/src/views/vendas/index.php on line 81
[26-Nov-2025 20:13:07 UTC] PHP Warning:  Attempt to read property "quantidade" on array in /var/www/site2.com/public_html/src/views/vendas/index.php on line 81
[26-Nov-2025 20:13:07 UTC] PHP Warning:  Attempt to read property "quantidade" on array in /var/www/site2.com/public_html/src/views/vendas/index.php on line 81
[26-Nov-2025 20:13:07 UTC] PHP Warning:  Attempt to read property "quantidade" on array in /var/www/site2.com/public_html/src/views/vendas/index.php on line 81
[26-Nov-2025 20:13:07 UTC] PHP Warning:  Attempt to read property "quantidade" on array in /var/www/site2.com/public_html/src/views/vendas/index.php on line 81
[26-Nov-2025 20:13:07 UTC] PHP Warning:  Attempt to read property "quantidade" on array in /var/www/site2.com/public_html/src/views/vendas/index.php on line 81
[26-Nov-2025 20:13:07 UTC] PHP Warning:  Attempt to read property "quantidade" on array in /var/www/site2.com/public_html/src/views/vendas/index.php on line 81
[26-Nov-2025 20:13:07 UTC] PHP Warning:  Attempt to read property "quantidade" on array in /var/www/site2.com/public_html/src/views/vendas/index.php on line 81
[26-Nov-2025 20:13:07 UTC] PHP Warning:  Attempt to read property "quantidade" on array in /var/www/site2.com/public_html/src/views/vendas/index.php on line 81
[26-Nov-2025 20:13:07 UTC] PHP Warning:  Attempt to read property "quantidade" on array in /var/www/site2.com/public_html/src/views/vendas/index.php on line 81
[26-Nov-2025 20:13:07 UTC] PHP Warning:  Attempt to read property "quantidade" on array in /var/www/site2.com/public_html/src/views/vendas/index.php on line 81
[26-Nov-2025 20:13:07 UTC] PHP Warning:  Attempt to read property "quantidade" on array in /var/www/site2.com/public_html/src/views/vendas/index.php on line 81
[26-Nov-2025 20:13:07 UTC] PHP Warning:  Attempt to read property "quantidade" on array in /var/www/site2.com/public_html/src/views/vendas/index.php on line 81
[26-Nov-2025 20:13:07 UTC] === VENDACONTROLLER::INDEX FINALIZADO COM SUCESSO ===
[26-Nov-2025 20:13:08 UTC] === INICIANDO VENDACONTROLLER::INDEX ===
[26-Nov-2025 20:13:08 UTC] Tabela vendas existe: SIM
[26-Nov-2025 20:13:08 UTC] 1. Buscando histórico de vendas...
[26-Nov-2025 20:13:08 UTC] Buscando histórico de vendas...
[26-Nov-2025 20:13:08 UTC] ERRO ao buscar vendas: SQLSTATE[42000]: Syntax error or access violation: 1064 You have an error in your SQL syntax; check the manual that corresponds to your MySQL server version for the right syntax to use near ''50'' at line 5
[26-Nov-2025 20:13:08 UTC] Vendas encontradas: 0
[26-Nov-2025 20:13:08 UTC] Total hoje: 96503.39
[26-Nov-2025 20:13:08 UTC] 2. Buscando produtos...
[26-Nov-2025 20:13:08 UTC] Produtos encontrados: 13
[26-Nov-2025 20:13:08 UTC] 3. Caminho da view: /var/www/site2.com/public_html/app/Controllers/../../src/views/vendas/index.php
[26-Nov-2025 20:13:08 UTC] View existe: SIM
[26-Nov-2025 20:13:08 UTC] Tentando carregar view: /var/www/site2.com/public_html/app/Controllers/../../src/views/vendas/index.php
[26-Nov-2025 20:13:08 UTC] View existe: SIM
[26-Nov-2025 20:13:08 UTC] PHP Warning:  Attempt to read property "quantidade" on array in /var/www/site2.com/public_html/src/views/vendas/index.php on line 81
[26-Nov-2025 20:13:08 UTC] PHP Warning:  Attempt to read property "quantidade" on array in /var/www/site2.com/public_html/src/views/vendas/index.php on line 81
[26-Nov-2025 20:13:08 UTC] PHP Warning:  Attempt to read property "quantidade" on array in /var/www/site2.com/public_html/src/views/vendas/index.php on line 81
[26-Nov-2025 20:13:08 UTC] PHP Warning:  Attempt to read property "quantidade" on array in /var/www/site2.com/public_html/src/views/vendas/index.php on line 81
[26-Nov-2025 20:13:08 UTC] PHP Warning:  Attempt to read property "quantidade" on array in /var/www/site2.com/public_html/src/views/vendas/index.php on line 81
[26-Nov-2025 20:13:08 UTC] PHP Warning:  Attempt to read property "quantidade" on array in /var/www/site2.com/public_html/src/views/vendas/index.php on line 81
[26-Nov-2025 20:13:08 UTC] PHP Warning:  Attempt to read property "quantidade" on array in /var/www/site2.com/public_html/src/views/vendas/index.php on line 81
[26-Nov-2025 20:13:08 UTC] PHP Warning:  Attempt to read property "quantidade" on array in /var/www/site2.com/public_html/src/views/vendas/index.php on line 81
[26-Nov-2025 20:13:08 UTC] PHP Warning:  Attempt to read property "quantidade" on array in /var/www/site2.com/public_html/src/views/vendas/index.php on line 81
[26-Nov-2025 20:13:08 UTC] PHP Warning:  Attempt to read property "quantidade" on array in /var/www/site2.com/public_html/src/views/vendas/index.php on line 81
[26-Nov-2025 20:13:08 UTC] PHP Warning:  Attempt to read property "quantidade" on array in /var/www/site2.com/public_html/src/views/vendas/index.php on line 81
[26-Nov-2025 20:13:08 UTC] PHP Warning:  Attempt to read property "quantidade" on array in /var/www/site2.com/public_html/src/views/vendas/index.php on line 81
[26-Nov-2025 20:13:08 UTC] PHP Warning:  Attempt to read property "quantidade" on array in /var/www/site2.com/public_html/src/views/vendas/index.php on line 81
[26-Nov-2025 20:13:08 UTC] === VENDACONTROLLER::INDEX FINALIZADO COM SUCESSO ===
[26-Nov-2025 20:13:38 UTC] === INICIANDO VENDACONTROLLER::INDEX ===
[26-Nov-2025 20:13:38 UTC] Tabela vendas existe: SIM
[26-Nov-2025 20:13:38 UTC] 1. Buscando histórico de vendas...
[26-Nov-2025 20:13:38 UTC] Buscando histórico de vendas...
[26-Nov-2025 20:13:38 UTC] ERRO ao buscar vendas: SQLSTATE[42000]: Syntax error or access violation: 1064 You have an error in your SQL syntax; check the manual that corresponds to your MySQL server version for the right syntax to use near ''50'' at line 5
[26-Nov-2025 20:13:38 UTC] Vendas encontradas: 0
[26-Nov-2025 20:13:38 UTC] Total hoje: 96503.39
[26-Nov-2025 20:13:38 UTC] 2. Buscando produtos...
[26-Nov-2025 20:13:38 UTC] Produtos encontrados: 13
[26-Nov-2025 20:13:38 UTC] 3. Caminho da view: /var/www/site2.com/public_html/app/Controllers/../../src/views/vendas/index.php
[26-Nov-2025 20:13:38 UTC] View existe: SIM
[26-Nov-2025 20:13:38 UTC] Tentando carregar view: /var/www/site2.com/public_html/app/Controllers/../../src/views/vendas/index.php
[26-Nov-2025 20:13:38 UTC] View existe: SIM
[26-Nov-2025 20:13:38 UTC] PHP Warning:  Attempt to read property "quantidade" on array in /var/www/site2.com/public_html/src/views/vendas/index.php on line 81
[26-Nov-2025 20:13:38 UTC] PHP Warning:  Attempt to read property "quantidade" on array in /var/www/site2.com/public_html/src/views/vendas/index.php on line 81
[26-Nov-2025 20:13:38 UTC] PHP Warning:  Attempt to read property "quantidade" on array in /var/www/site2.com/public_html/src/views/vendas/index.php on line 81
[26-Nov-2025 20:13:38 UTC] PHP Warning:  Attempt to read property "quantidade" on array in /var/www/site2.com/public_html/src/views/vendas/index.php on line 81
[26-Nov-2025 20:13:38 UTC] PHP Warning:  Attempt to read property "quantidade" on array in /var/www/site2.com/public_html/src/views/vendas/index.php on line 81
[26-Nov-2025 20:13:38 UTC] PHP Warning:  Attempt to read property "quantidade" on array in /var/www/site2.com/public_html/src/views/vendas/index.php on line 81
[26-Nov-2025 20:13:38 UTC] PHP Warning:  Attempt to read property "quantidade" on array in /var/www/site2.com/public_html/src/views/vendas/index.php on line 81
[26-Nov-2025 20:13:38 UTC] PHP Warning:  Attempt to read property "quantidade" on array in /var/www/site2.com/public_html/src/views/vendas/index.php on line 81
[26-Nov-2025 20:13:38 UTC] PHP Warning:  Attempt to read property "quantidade" on array in /var/www/site2.com/public_html/src/views/vendas/index.php on line 81
[26-Nov-2025 20:13:38 UTC] PHP Warning:  Attempt to read property "quantidade" on array in /var/www/site2.com/public_html/src/views/vendas/index.php on line 81
[26-Nov-2025 20:13:38 UTC] PHP Warning:  Attempt to read property "quantidade" on array in /var/www/site2.com/public_html/src/views/vendas/index.php on line 81
[26-Nov-2025 20:13:38 UTC] PHP Warning:  Attempt to read property "quantidade" on array in /var/www/site2.com/public_html/src/views/vendas/index.php on line 81
[26-Nov-2025 20:13:38 UTC] PHP Warning:  Attempt to read property "quantidade" on array in /var/www/site2.com/public_html/src/views/vendas/index.php on line 81
[26-Nov-2025 20:13:38 UTC] === VENDACONTROLLER::INDEX FINALIZADO COM SUCESSO ===
[26-Nov-2025 20:14:05 UTC] === INICIANDO VENDACONTROLLER::INDEX ===
[26-Nov-2025 20:14:05 UTC] Tabela vendas existe: SIM
[26-Nov-2025 20:14:05 UTC] 1. Buscando histórico de vendas...
[26-Nov-2025 20:14:05 UTC] Buscando histórico de vendas...
[26-Nov-2025 20:14:05 UTC] ERRO ao buscar vendas: SQLSTATE[42000]: Syntax error or access violation: 1064 You have an error in your SQL syntax; check the manual that corresponds to your MySQL server version for the right syntax to use near ''50'' at line 5
[26-Nov-2025 20:14:05 UTC] Vendas encontradas: 0
[26-Nov-2025 20:14:05 UTC] Total hoje: 96503.39
[26-Nov-2025 20:14:05 UTC] 2. Buscando produtos...
[26-Nov-2025 20:14:05 UTC] Produtos encontrados: 13
[26-Nov-2025 20:14:05 UTC] 3. Caminho da view: /var/www/site2.com/public_html/app/Controllers/../../src/views/vendas/index.php
[26-Nov-2025 20:14:05 UTC] View existe: SIM
[26-Nov-2025 20:14:05 UTC] Tentando carregar view: /var/www/site2.com/public_html/app/Controllers/../../src/views/vendas/index.php
[26-Nov-2025 20:14:05 UTC] View existe: SIM
[26-Nov-2025 20:14:05 UTC] PHP Warning:  Attempt to read property "quantidade" on array in /var/www/site2.com/public_html/src/views/vendas/index.php on line 82
[26-Nov-2025 20:14:05 UTC] PHP Warning:  Attempt to read property "quantidade" on array in /var/www/site2.com/public_html/src/views/vendas/index.php on line 82
[26-Nov-2025 20:14:05 UTC] PHP Warning:  Attempt to read property "quantidade" on array in /var/www/site2.com/public_html/src/views/vendas/index.php on line 82
[26-Nov-2025 20:14:05 UTC] PHP Warning:  Attempt to read property "quantidade" on array in /var/www/site2.com/public_html/src/views/vendas/index.php on line 82
[26-Nov-2025 20:14:05 UTC] PHP Warning:  Attempt to read property "quantidade" on array in /var/www/site2.com/public_html/src/views/vendas/index.php on line 82
[26-Nov-2025 20:14:05 UTC] PHP Warning:  Attempt to read property "quantidade" on array in /var/www/site2.com/public_html/src/views/vendas/index.php on line 82
[26-Nov-2025 20:14:05 UTC] PHP Warning:  Attempt to read property "quantidade" on array in /var/www/site2.com/public_html/src/views/vendas/index.php on line 82
[26-Nov-2025 20:14:05 UTC] PHP Warning:  Attempt to read property "quantidade" on array in /var/www/site2.com/public_html/src/views/vendas/index.php on line 82
[26-Nov-2025 20:14:05 UTC] PHP Warning:  Attempt to read property "quantidade" on array in /var/www/site2.com/public_html/src/views/vendas/index.php on line 82
[26-Nov-2025 20:14:05 UTC] PHP Warning:  Attempt to read property "quantidade" on array in /var/www/site2.com/public_html/src/views/vendas/index.php on line 82
[26-Nov-2025 20:14:05 UTC] PHP Warning:  Attempt to read property "quantidade" on array in /var/www/site2.com/public_html/src/views/vendas/index.php on line 82
[26-Nov-2025 20:14:05 UTC] PHP Warning:  Attempt to read property "quantidade" on array in /var/www/site2.com/public_html/src/views/vendas/index.php on line 82
[26-Nov-2025 20:14:05 UTC] PHP Warning:  Attempt to read property "quantidade" on array in /var/www/site2.com/public_html/src/views/vendas/index.php on line 82
[26-Nov-2025 20:14:05 UTC] === VENDACONTROLLER::INDEX FINALIZADO COM SUCESSO ===
[26-Nov-2025 20:22:00 UTC] === INICIANDO VENDACONTROLLER::INDEX ===
[26-Nov-2025 20:22:00 UTC] Produtos encontrados: 13
[26-Nov-2025 20:22:00 UTC] Buscando histórico de vendas...
[26-Nov-2025 20:22:00 UTC] ERRO ao buscar vendas: SQLSTATE[42000]: Syntax error or access violation: 1064 You have an error in your SQL syntax; check the manual that corresponds to your MySQL server version for the right syntax to use near ''10'' at line 5
[26-Nov-2025 20:22:00 UTC] Vendas encontradas: 0
[26-Nov-2025 20:22:00 UTC] Total hoje: 96503.39
[26-Nov-2025 20:22:00 UTC] Tentando carregar view: /var/www/site2.com/public_html/app/Controllers/../../src/views/vendas/index.php
[26-Nov-2025 20:22:00 UTC] View existe: SIM
[26-Nov-2025 20:22:26 UTC] Registrando venda: Array
(
    [produto_id] => 7
    [quantidade] => 90
    [observacoes] => 
    [usuario_id] => 1
)

[26-Nov-2025 20:22:26 UTC] Venda registrada com sucesso - ID: 8
[26-Nov-2025 20:22:26 UTC] === INICIANDO VENDACONTROLLER::INDEX ===
[26-Nov-2025 20:22:26 UTC] Produtos encontrados: 13
[26-Nov-2025 20:22:26 UTC] Buscando histórico de vendas...
[26-Nov-2025 20:22:26 UTC] ERRO ao buscar vendas: SQLSTATE[42000]: Syntax error or access violation: 1064 You have an error in your SQL syntax; check the manual that corresponds to your MySQL server version for the right syntax to use near ''10'' at line 5
[26-Nov-2025 20:22:26 UTC] Vendas encontradas: 0
[26-Nov-2025 20:22:26 UTC] Total hoje: 96711.29
[26-Nov-2025 20:22:26 UTC] Tentando carregar view: /var/www/site2.com/public_html/app/Controllers/../../src/views/vendas/index.php
[26-Nov-2025 20:22:26 UTC] View existe: SIM
[26-Nov-2025 20:47:14 UTC] 🎯 === INICIANDO VENDACONTROLLER::INDEX ===
[26-Nov-2025 20:47:14 UTC] 📊 Tabela 'vendas' existe: SIM
[26-Nov-2025 20:47:14 UTC] 📈 Total de vendas na tabela: 6
[26-Nov-2025 20:47:14 UTC] 🛍️ Buscando produtos disponíveis...
[26-Nov-2025 20:47:14 UTC] ✅ Produtos encontrados: 13
[26-Nov-2025 20:47:14 UTC] 🔍 Primeiro produto: stdClass Object
(
    [id] => 17
    [nome] => AFADFSADASafshhjasfb
    [preco] => 321341.23
    [quantidade_estoque] => 312321
    [sku] => 45632545327
    [descricao] => fasfasf
)

[26-Nov-2025 20:47:14 UTC] 📋 Chamando getHistoricoVendas(10)...
[26-Nov-2025 20:47:14 UTC] 🔍 VendaService::getHistoricoVendas - Buscando 10 vendas
[26-Nov-2025 20:47:14 UTC] 🔍 VendaModel::tabelaExiste - Tabela 'vendas' existe: SIM
[26-Nov-2025 20:47:14 UTC] 📊 Tabela existe no service: SIM
[26-Nov-2025 20:47:14 UTC] 📋 Chamando vendaModel->listar(10)...
[26-Nov-2025 20:47:14 UTC] 🎯 VendaModel::listar - Iniciando busca por 10 vendas
[26-Nov-2025 20:47:14 UTC] 📝 SQL: SELECT v.*, p.nome as produto_nome, p.sku 
                    FROM vendas v 
                    LEFT JOIN produtos p ON v.produto_id = p.id 
                    ORDER BY v.data_venda DESC 
                    LIMIT ?
[26-Nov-2025 20:47:14 UTC] 🔢 Limit: 10
[26-Nov-2025 20:47:14 UTC] ✅ VendaModel::listar - 6 vendas encontradas
[26-Nov-2025 20:47:14 UTC] ✅ Vendas encontradas no model: 6
[26-Nov-2025 20:47:14 UTC] 🔍 Primeira venda do model: Array
(
    [id] => 8
    [produto_id] => 7
    [quantidade] => 90
    [preco_unitario] => 2.31
    [total_venda] => 207.90
    [data_venda] => 2025-11-26 17:22:26
    [usuario_id] => 1
    [observacoes] => 
    [estornada] => 0
    [usuario_estorno] => 
    [data_estorno] => 
    [produto_nome] => asfasd
    [sku] => 523543
)

[26-Nov-2025 20:47:14 UTC] 🎫 Vendas retornadas do service: 6
[26-Nov-2025 20:47:14 UTC] 🔍 VendaModel::tabelaExiste - Tabela 'vendas' existe: SIM
[26-Nov-2025 20:47:14 UTC] 📝 SQL totalVendasHoje: SELECT COALESCE(SUM(total_venda), 0) as total 
                    FROM vendas 
                    WHERE DATE(data_venda) = CURDATE() 
                    AND (estornada IS NULL OR estornada = 0)
[26-Nov-2025 20:47:14 UTC] 💰 VendaModel::totalVendasHoje - Total: 96711.29
[26-Nov-2025 20:47:14 UTC] 💰 Total hoje: 96711.29
[26-Nov-2025 20:47:14 UTC] Tentando carregar view: /var/www/site2.com/public_html/app/Controllers/../../src/views/vendas/index.php
[26-Nov-2025 20:47:14 UTC] View existe: SIM
[26-Nov-2025 20:47:31 UTC] 🔍 VendaModel::tabelaExiste - Tabela 'vendas' existe: SIM
[26-Nov-2025 20:47:31 UTC] Tentando carregar view: /var/www/site2.com/public_html/app/Controllers/../../src/views/vendas/relatorio.php
[26-Nov-2025 20:47:31 UTC] View existe: SIM
[26-Nov-2025 20:47:36 UTC] 🎯 === INICIANDO VENDACONTROLLER::INDEX ===
[26-Nov-2025 20:47:36 UTC] 📊 Tabela 'vendas' existe: SIM
[26-Nov-2025 20:47:36 UTC] 📈 Total de vendas na tabela: 6
[26-Nov-2025 20:47:36 UTC] 🛍️ Buscando produtos disponíveis...
[26-Nov-2025 20:47:36 UTC] ✅ Produtos encontrados: 13
[26-Nov-2025 20:47:36 UTC] 🔍 Primeiro produto: stdClass Object
(
    [id] => 17
    [nome] => AFADFSADASafshhjasfb
    [preco] => 321341.23
    [quantidade_estoque] => 312321
    [sku] => 45632545327
    [descricao] => fasfasf
)

[26-Nov-2025 20:47:36 UTC] 📋 Chamando getHistoricoVendas(10)...
[26-Nov-2025 20:47:36 UTC] 🔍 VendaService::getHistoricoVendas - Buscando 10 vendas
[26-Nov-2025 20:47:36 UTC] 🔍 VendaModel::tabelaExiste - Tabela 'vendas' existe: SIM
[26-Nov-2025 20:47:36 UTC] 📊 Tabela existe no service: SIM
[26-Nov-2025 20:47:36 UTC] 📋 Chamando vendaModel->listar(10)...
[26-Nov-2025 20:47:36 UTC] 🎯 VendaModel::listar - Iniciando busca por 10 vendas
[26-Nov-2025 20:47:36 UTC] 📝 SQL: SELECT v.*, p.nome as produto_nome, p.sku 
                    FROM vendas v 
                    LEFT JOIN produtos p ON v.produto_id = p.id 
                    ORDER BY v.data_venda DESC 
                    LIMIT ?
[26-Nov-2025 20:47:36 UTC] 🔢 Limit: 10
[26-Nov-2025 20:47:36 UTC] ✅ VendaModel::listar - 6 vendas encontradas
[26-Nov-2025 20:47:36 UTC] ✅ Vendas encontradas no model: 6
[26-Nov-2025 20:47:36 UTC] 🔍 Primeira venda do model: Array
(
    [id] => 8
    [produto_id] => 7
    [quantidade] => 90
    [preco_unitario] => 2.31
    [total_venda] => 207.90
    [data_venda] => 2025-11-26 17:22:26
    [usuario_id] => 1
    [observacoes] => 
    [estornada] => 0
    [usuario_estorno] => 
    [data_estorno] => 
    [produto_nome] => asfasd
    [sku] => 523543
)

[26-Nov-2025 20:47:36 UTC] 🎫 Vendas retornadas do service: 6
[26-Nov-2025 20:47:36 UTC] 🔍 VendaModel::tabelaExiste - Tabela 'vendas' existe: SIM
[26-Nov-2025 20:47:36 UTC] 📝 SQL totalVendasHoje: SELECT COALESCE(SUM(total_venda), 0) as total 
                    FROM vendas 
                    WHERE DATE(data_venda) = CURDATE() 
                    AND (estornada IS NULL OR estornada = 0)
[26-Nov-2025 20:47:36 UTC] 💰 VendaModel::totalVendasHoje - Total: 96711.29
[26-Nov-2025 20:47:36 UTC] 💰 Total hoje: 96711.29
[26-Nov-2025 20:47:36 UTC] Tentando carregar view: /var/www/site2.com/public_html/app/Controllers/../../src/views/vendas/index.php
[26-Nov-2025 20:47:36 UTC] View existe: SIM
[26-Nov-2025 20:48:06 UTC] 🎯 === INICIANDO VENDACONTROLLER::INDEX ===
[26-Nov-2025 20:48:06 UTC] 📊 Tabela 'vendas' existe: SIM
[26-Nov-2025 20:48:06 UTC] 📈 Total de vendas na tabela: 6
[26-Nov-2025 20:48:06 UTC] 🛍️ Buscando produtos disponíveis...
[26-Nov-2025 20:48:06 UTC] ✅ Produtos encontrados: 13
[26-Nov-2025 20:48:06 UTC] 🔍 Primeiro produto: stdClass Object
(
    [id] => 17
    [nome] => AFADFSADASafshhjasfb
    [preco] => 321341.23
    [quantidade_estoque] => 312321
    [sku] => 45632545327
    [descricao] => fasfasf
)

[26-Nov-2025 20:48:06 UTC] 📋 Chamando getHistoricoVendas(10)...
[26-Nov-2025 20:48:06 UTC] 🔍 VendaService::getHistoricoVendas - Buscando 10 vendas
[26-Nov-2025 20:48:06 UTC] 🔍 VendaModel::tabelaExiste - Tabela 'vendas' existe: SIM
[26-Nov-2025 20:48:06 UTC] 📊 Tabela existe no service: SIM
[26-Nov-2025 20:48:06 UTC] 📋 Chamando vendaModel->listar(10)...
[26-Nov-2025 20:48:06 UTC] 🎯 VendaModel::listar - Iniciando busca por 10 vendas
[26-Nov-2025 20:48:06 UTC] 📝 SQL: SELECT v.*, p.nome as produto_nome, p.sku 
                    FROM vendas v 
                    LEFT JOIN produtos p ON v.produto_id = p.id 
                    ORDER BY v.data_venda DESC 
                    LIMIT ?
[26-Nov-2025 20:48:06 UTC] 🔢 Limit: 10
[26-Nov-2025 20:48:06 UTC] ✅ VendaModel::listar - 6 vendas encontradas
[26-Nov-2025 20:48:06 UTC] ✅ Vendas encontradas no model: 6
[26-Nov-2025 20:48:06 UTC] 🔍 Primeira venda do model: Array
(
    [id] => 8
    [produto_id] => 7
    [quantidade] => 90
    [preco_unitario] => 2.31
    [total_venda] => 207.90
    [data_venda] => 2025-11-26 17:22:26
    [usuario_id] => 1
    [observacoes] => 
    [estornada] => 0
    [usuario_estorno] => 
    [data_estorno] => 
    [produto_nome] => asfasd
    [sku] => 523543
)

[26-Nov-2025 20:48:06 UTC] 🎫 Vendas retornadas do service: 6
[26-Nov-2025 20:48:06 UTC] 🔍 VendaModel::tabelaExiste - Tabela 'vendas' existe: SIM
[26-Nov-2025 20:48:06 UTC] 📝 SQL totalVendasHoje: SELECT COALESCE(SUM(total_venda), 0) as total 
                    FROM vendas 
                    WHERE DATE(data_venda) = CURDATE() 
                    AND (estornada IS NULL OR estornada = 0)
[26-Nov-2025 20:48:06 UTC] 💰 VendaModel::totalVendasHoje - Total: 96711.29
[26-Nov-2025 20:48:06 UTC] 💰 Total hoje: 96711.29
[26-Nov-2025 20:48:06 UTC] Tentando carregar view: /var/www/site2.com/public_html/app/Controllers/../../src/views/vendas/index.php
[26-Nov-2025 20:48:06 UTC] View existe: SIM
[26-Nov-2025 20:48:07 UTC] 🎯 === INICIANDO VENDACONTROLLER::INDEX ===
[26-Nov-2025 20:48:07 UTC] 📊 Tabela 'vendas' existe: SIM
[26-Nov-2025 20:48:07 UTC] 📈 Total de vendas na tabela: 6
[26-Nov-2025 20:48:07 UTC] 🛍️ Buscando produtos disponíveis...
[26-Nov-2025 20:48:07 UTC] ✅ Produtos encontrados: 13
[26-Nov-2025 20:48:07 UTC] 🔍 Primeiro produto: stdClass Object
(
    [id] => 17
    [nome] => AFADFSADASafshhjasfb
    [preco] => 321341.23
    [quantidade_estoque] => 312321
    [sku] => 45632545327
    [descricao] => fasfasf
)

[26-Nov-2025 20:48:07 UTC] 📋 Chamando getHistoricoVendas(10)...
[26-Nov-2025 20:48:07 UTC] 🔍 VendaService::getHistoricoVendas - Buscando 10 vendas
[26-Nov-2025 20:48:07 UTC] 🔍 VendaModel::tabelaExiste - Tabela 'vendas' existe: SIM
[26-Nov-2025 20:48:07 UTC] 📊 Tabela existe no service: SIM
[26-Nov-2025 20:48:07 UTC] 📋 Chamando vendaModel->listar(10)...
[26-Nov-2025 20:48:07 UTC] 🎯 VendaModel::listar - Iniciando busca por 10 vendas
[26-Nov-2025 20:48:07 UTC] 📝 SQL: SELECT v.*, p.nome as produto_nome, p.sku 
                    FROM vendas v 
                    LEFT JOIN produtos p ON v.produto_id = p.id 
                    ORDER BY v.data_venda DESC 
                    LIMIT ?
[26-Nov-2025 20:48:07 UTC] 🔢 Limit: 10
[26-Nov-2025 20:48:07 UTC] ✅ VendaModel::listar - 6 vendas encontradas
[26-Nov-2025 20:48:07 UTC] ✅ Vendas encontradas no model: 6
[26-Nov-2025 20:48:07 UTC] 🔍 Primeira venda do model: Array
(
    [id] => 8
    [produto_id] => 7
    [quantidade] => 90
    [preco_unitario] => 2.31
    [total_venda] => 207.90
    [data_venda] => 2025-11-26 17:22:26
    [usuario_id] => 1
    [observacoes] => 
    [estornada] => 0
    [usuario_estorno] => 
    [data_estorno] => 
    [produto_nome] => asfasd
    [sku] => 523543
)

[26-Nov-2025 20:48:07 UTC] 🎫 Vendas retornadas do service: 6
[26-Nov-2025 20:48:07 UTC] 🔍 VendaModel::tabelaExiste - Tabela 'vendas' existe: SIM
[26-Nov-2025 20:48:07 UTC] 📝 SQL totalVendasHoje: SELECT COALESCE(SUM(total_venda), 0) as total 
                    FROM vendas 
                    WHERE DATE(data_venda) = CURDATE() 
                    AND (estornada IS NULL OR estornada = 0)
[26-Nov-2025 20:48:07 UTC] 💰 VendaModel::totalVendasHoje - Total: 96711.29
[26-Nov-2025 20:48:07 UTC] 💰 Total hoje: 96711.29
[26-Nov-2025 20:48:07 UTC] Tentando carregar view: /var/www/site2.com/public_html/app/Controllers/../../src/views/vendas/index.php
[26-Nov-2025 20:48:07 UTC] View existe: SIM
[26-Nov-2025 20:48:12 UTC] 🎯 === INICIANDO VENDACONTROLLER::INDEX ===
[26-Nov-2025 20:48:12 UTC] 📊 Tabela 'vendas' existe: SIM
[26-Nov-2025 20:48:12 UTC] 📈 Total de vendas na tabela: 6
[26-Nov-2025 20:48:12 UTC] 🛍️ Buscando produtos disponíveis...
[26-Nov-2025 20:48:12 UTC] ✅ Produtos encontrados: 13
[26-Nov-2025 20:48:12 UTC] 🔍 Primeiro produto: stdClass Object
(
    [id] => 17
    [nome] => AFADFSADASafshhjasfb
    [preco] => 321341.23
    [quantidade_estoque] => 312321
    [sku] => 45632545327
    [descricao] => fasfasf
)

[26-Nov-2025 20:48:12 UTC] 📋 Chamando getHistoricoVendas(10)...
[26-Nov-2025 20:48:12 UTC] 🔍 VendaService::getHistoricoVendas - Buscando 10 vendas
[26-Nov-2025 20:48:12 UTC] 🔍 VendaModel::tabelaExiste - Tabela 'vendas' existe: SIM
[26-Nov-2025 20:48:12 UTC] 📊 Tabela existe no service: SIM
[26-Nov-2025 20:48:12 UTC] 📋 Chamando vendaModel->listar(10)...
[26-Nov-2025 20:48:12 UTC] 🎯 VendaModel::listar - Iniciando busca por 10 vendas
[26-Nov-2025 20:48:12 UTC] 📝 SQL: SELECT v.*, p.nome as produto_nome, p.sku 
                    FROM vendas v 
                    LEFT JOIN produtos p ON v.produto_id = p.id 
                    ORDER BY v.data_venda DESC 
                    LIMIT ?
[26-Nov-2025 20:48:12 UTC] 🔢 Limit: 10
[26-Nov-2025 20:48:12 UTC] ✅ VendaModel::listar - 6 vendas encontradas
[26-Nov-2025 20:48:12 UTC] ✅ Vendas encontradas no model: 6
[26-Nov-2025 20:48:12 UTC] 🔍 Primeira venda do model: Array
(
    [id] => 8
    [produto_id] => 7
    [quantidade] => 90
    [preco_unitario] => 2.31
    [total_venda] => 207.90
    [data_venda] => 2025-11-26 17:22:26
    [usuario_id] => 1
    [observacoes] => 
    [estornada] => 0
    [usuario_estorno] => 
    [data_estorno] => 
    [produto_nome] => asfasd
    [sku] => 523543
)

[26-Nov-2025 20:48:12 UTC] 🎫 Vendas retornadas do service: 6
[26-Nov-2025 20:48:12 UTC] 🔍 VendaModel::tabelaExiste - Tabela 'vendas' existe: SIM
[26-Nov-2025 20:48:12 UTC] 📝 SQL totalVendasHoje: SELECT COALESCE(SUM(total_venda), 0) as total 
                    FROM vendas 
                    WHERE DATE(data_venda) = CURDATE() 
                    AND (estornada IS NULL OR estornada = 0)
[26-Nov-2025 20:48:12 UTC] 💰 VendaModel::totalVendasHoje - Total: 96711.29
[26-Nov-2025 20:48:12 UTC] 💰 Total hoje: 96711.29
[26-Nov-2025 20:48:12 UTC] Tentando carregar view: /var/www/site2.com/public_html/app/Controllers/../../src/views/vendas/index.php
[26-Nov-2025 20:48:12 UTC] View existe: SIM
[26-Nov-2025 20:48:15 UTC] 🎯 === INICIANDO VENDACONTROLLER::INDEX ===
[26-Nov-2025 20:48:15 UTC] 📊 Tabela 'vendas' existe: SIM
[26-Nov-2025 20:48:15 UTC] 📈 Total de vendas na tabela: 6
[26-Nov-2025 20:48:15 UTC] 🛍️ Buscando produtos disponíveis...
[26-Nov-2025 20:48:15 UTC] ✅ Produtos encontrados: 13
[26-Nov-2025 20:48:15 UTC] 🔍 Primeiro produto: stdClass Object
(
    [id] => 17
    [nome] => AFADFSADASafshhjasfb
    [preco] => 321341.23
    [quantidade_estoque] => 312321
    [sku] => 45632545327
    [descricao] => fasfasf
)

[26-Nov-2025 20:48:15 UTC] 📋 Chamando getHistoricoVendas(10)...
[26-Nov-2025 20:48:15 UTC] 🔍 VendaService::getHistoricoVendas - Buscando 10 vendas
[26-Nov-2025 20:48:15 UTC] 🔍 VendaModel::tabelaExiste - Tabela 'vendas' existe: SIM
[26-Nov-2025 20:48:15 UTC] 📊 Tabela existe no service: SIM
[26-Nov-2025 20:48:15 UTC] 📋 Chamando vendaModel->listar(10)...
[26-Nov-2025 20:48:15 UTC] 🎯 VendaModel::listar - Iniciando busca por 10 vendas
[26-Nov-2025 20:48:15 UTC] 📝 SQL: SELECT v.*, p.nome as produto_nome, p.sku 
                    FROM vendas v 
                    LEFT JOIN produtos p ON v.produto_id = p.id 
                    ORDER BY v.data_venda DESC 
                    LIMIT ?
[26-Nov-2025 20:48:15 UTC] 🔢 Limit: 10
[26-Nov-2025 20:48:15 UTC] ✅ VendaModel::listar - 6 vendas encontradas
[26-Nov-2025 20:48:15 UTC] ✅ Vendas encontradas no model: 6
[26-Nov-2025 20:48:15 UTC] 🔍 Primeira venda do model: Array
(
    [id] => 8
    [produto_id] => 7
    [quantidade] => 90
    [preco_unitario] => 2.31
    [total_venda] => 207.90
    [data_venda] => 2025-11-26 17:22:26
    [usuario_id] => 1
    [observacoes] => 
    [estornada] => 0
    [usuario_estorno] => 
    [data_estorno] => 
    [produto_nome] => asfasd
    [sku] => 523543
)

[26-Nov-2025 20:48:15 UTC] 🎫 Vendas retornadas do service: 6
[26-Nov-2025 20:48:15 UTC] 🔍 VendaModel::tabelaExiste - Tabela 'vendas' existe: SIM
[26-Nov-2025 20:48:15 UTC] 📝 SQL totalVendasHoje: SELECT COALESCE(SUM(total_venda), 0) as total 
                    FROM vendas 
                    WHERE DATE(data_venda) = CURDATE() 
                    AND (estornada IS NULL OR estornada = 0)
[26-Nov-2025 20:48:15 UTC] 💰 VendaModel::totalVendasHoje - Total: 96711.29
[26-Nov-2025 20:48:15 UTC] 💰 Total hoje: 96711.29
[26-Nov-2025 20:48:15 UTC] Tentando carregar view: /var/www/site2.com/public_html/app/Controllers/../../src/views/vendas/index.php
[26-Nov-2025 20:48:15 UTC] View existe: SIM
[26-Nov-2025 20:48:15 UTC] 🎯 === INICIANDO VENDACONTROLLER::INDEX ===
[26-Nov-2025 20:48:15 UTC] 📊 Tabela 'vendas' existe: SIM
[26-Nov-2025 20:48:15 UTC] 📈 Total de vendas na tabela: 6
[26-Nov-2025 20:48:15 UTC] 🛍️ Buscando produtos disponíveis...
[26-Nov-2025 20:48:15 UTC] ✅ Produtos encontrados: 13
[26-Nov-2025 20:48:15 UTC] 🔍 Primeiro produto: stdClass Object
(
    [id] => 17
    [nome] => AFADFSADASafshhjasfb
    [preco] => 321341.23
    [quantidade_estoque] => 312321
    [sku] => 45632545327
    [descricao] => fasfasf
)

[26-Nov-2025 20:48:15 UTC] 📋 Chamando getHistoricoVendas(10)...
[26-Nov-2025 20:48:15 UTC] 🔍 VendaService::getHistoricoVendas - Buscando 10 vendas
[26-Nov-2025 20:48:15 UTC] 🔍 VendaModel::tabelaExiste - Tabela 'vendas' existe: SIM
[26-Nov-2025 20:48:15 UTC] 📊 Tabela existe no service: SIM
[26-Nov-2025 20:48:15 UTC] 📋 Chamando vendaModel->listar(10)...
[26-Nov-2025 20:48:15 UTC] 🎯 VendaModel::listar - Iniciando busca por 10 vendas
[26-Nov-2025 20:48:15 UTC] 📝 SQL: SELECT v.*, p.nome as produto_nome, p.sku 
                    FROM vendas v 
                    LEFT JOIN produtos p ON v.produto_id = p.id 
                    ORDER BY v.data_venda DESC 
                    LIMIT ?
[26-Nov-2025 20:48:15 UTC] 🔢 Limit: 10
[26-Nov-2025 20:48:15 UTC] ✅ VendaModel::listar - 6 vendas encontradas
[26-Nov-2025 20:48:15 UTC] ✅ Vendas encontradas no model: 6
[26-Nov-2025 20:48:15 UTC] 🔍 Primeira venda do model: Array
(
    [id] => 8
    [produto_id] => 7
    [quantidade] => 90
    [preco_unitario] => 2.31
    [total_venda] => 207.90
    [data_venda] => 2025-11-26 17:22:26
    [usuario_id] => 1
    [observacoes] => 
    [estornada] => 0
    [usuario_estorno] => 
    [data_estorno] => 
    [produto_nome] => asfasd
    [sku] => 523543
)

[26-Nov-2025 20:48:15 UTC] 🎫 Vendas retornadas do service: 6
[26-Nov-2025 20:48:15 UTC] 🔍 VendaModel::tabelaExiste - Tabela 'vendas' existe: SIM
[26-Nov-2025 20:48:15 UTC] 📝 SQL totalVendasHoje: SELECT COALESCE(SUM(total_venda), 0) as total 
                    FROM vendas 
                    WHERE DATE(data_venda) = CURDATE() 
                    AND (estornada IS NULL OR estornada = 0)
[26-Nov-2025 20:48:15 UTC] 💰 VendaModel::totalVendasHoje - Total: 96711.29
[26-Nov-2025 20:48:15 UTC] 💰 Total hoje: 96711.29
[26-Nov-2025 20:48:15 UTC] Tentando carregar view: /var/www/site2.com/public_html/app/Controllers/../../src/views/vendas/index.php
[26-Nov-2025 20:48:15 UTC] View existe: SIM
[26-Nov-2025 20:48:15 UTC] 🎯 === INICIANDO VENDACONTROLLER::INDEX ===
[26-Nov-2025 20:48:15 UTC] 📊 Tabela 'vendas' existe: SIM
[26-Nov-2025 20:48:15 UTC] 📈 Total de vendas na tabela: 6
[26-Nov-2025 20:48:15 UTC] 🛍️ Buscando produtos disponíveis...
[26-Nov-2025 20:48:15 UTC] ✅ Produtos encontrados: 13
[26-Nov-2025 20:48:15 UTC] 🔍 Primeiro produto: stdClass Object
(
    [id] => 17
    [nome] => AFADFSADASafshhjasfb
    [preco] => 321341.23
    [quantidade_estoque] => 312321
    [sku] => 45632545327
    [descricao] => fasfasf
)

[26-Nov-2025 20:48:15 UTC] 📋 Chamando getHistoricoVendas(10)...
[26-Nov-2025 20:48:15 UTC] 🔍 VendaService::getHistoricoVendas - Buscando 10 vendas
[26-Nov-2025 20:48:15 UTC] 🔍 VendaModel::tabelaExiste - Tabela 'vendas' existe: SIM
[26-Nov-2025 20:48:15 UTC] 📊 Tabela existe no service: SIM
[26-Nov-2025 20:48:15 UTC] 📋 Chamando vendaModel->listar(10)...
[26-Nov-2025 20:48:15 UTC] 🎯 VendaModel::listar - Iniciando busca por 10 vendas
[26-Nov-2025 20:48:15 UTC] 📝 SQL: SELECT v.*, p.nome as produto_nome, p.sku 
                    FROM vendas v 
                    LEFT JOIN produtos p ON v.produto_id = p.id 
                    ORDER BY v.data_venda DESC 
                    LIMIT ?
[26-Nov-2025 20:48:15 UTC] 🔢 Limit: 10
[26-Nov-2025 20:48:15 UTC] ✅ VendaModel::listar - 6 vendas encontradas
[26-Nov-2025 20:48:15 UTC] ✅ Vendas encontradas no model: 6
[26-Nov-2025 20:48:15 UTC] 🔍 Primeira venda do model: Array
(
    [id] => 8
    [produto_id] => 7
    [quantidade] => 90
    [preco_unitario] => 2.31
    [total_venda] => 207.90
    [data_venda] => 2025-11-26 17:22:26
    [usuario_id] => 1
    [observacoes] => 
    [estornada] => 0
    [usuario_estorno] => 
    [data_estorno] => 
    [produto_nome] => asfasd
    [sku] => 523543
)

[26-Nov-2025 20:48:15 UTC] 🎫 Vendas retornadas do service: 6
[26-Nov-2025 20:48:15 UTC] 🔍 VendaModel::tabelaExiste - Tabela 'vendas' existe: SIM
[26-Nov-2025 20:48:15 UTC] 📝 SQL totalVendasHoje: SELECT COALESCE(SUM(total_venda), 0) as total 
                    FROM vendas 
                    WHERE DATE(data_venda) = CURDATE() 
                    AND (estornada IS NULL OR estornada = 0)
[26-Nov-2025 20:48:15 UTC] 💰 VendaModel::totalVendasHoje - Total: 96711.29
[26-Nov-2025 20:48:15 UTC] 💰 Total hoje: 96711.29
[26-Nov-2025 20:48:15 UTC] Tentando carregar view: /var/www/site2.com/public_html/app/Controllers/../../src/views/vendas/index.php
[26-Nov-2025 20:48:15 UTC] View existe: SIM
[26-Nov-2025 20:48:16 UTC] 🎯 === INICIANDO VENDACONTROLLER::INDEX ===
[26-Nov-2025 20:48:16 UTC] 📊 Tabela 'vendas' existe: SIM
[26-Nov-2025 20:48:16 UTC] 📈 Total de vendas na tabela: 6
[26-Nov-2025 20:48:16 UTC] 🛍️ Buscando produtos disponíveis...
[26-Nov-2025 20:48:16 UTC] ✅ Produtos encontrados: 13
[26-Nov-2025 20:48:16 UTC] 🔍 Primeiro produto: stdClass Object
(
    [id] => 17
    [nome] => AFADFSADASafshhjasfb
    [preco] => 321341.23
    [quantidade_estoque] => 312321
    [sku] => 45632545327
    [descricao] => fasfasf
)

[26-Nov-2025 20:48:16 UTC] 📋 Chamando getHistoricoVendas(10)...
[26-Nov-2025 20:48:16 UTC] 🔍 VendaService::getHistoricoVendas - Buscando 10 vendas
[26-Nov-2025 20:48:16 UTC] 🔍 VendaModel::tabelaExiste - Tabela 'vendas' existe: SIM
[26-Nov-2025 20:48:16 UTC] 📊 Tabela existe no service: SIM
[26-Nov-2025 20:48:16 UTC] 📋 Chamando vendaModel->listar(10)...
[26-Nov-2025 20:48:16 UTC] 🎯 VendaModel::listar - Iniciando busca por 10 vendas
[26-Nov-2025 20:48:16 UTC] 📝 SQL: SELECT v.*, p.nome as produto_nome, p.sku 
                    FROM vendas v 
                    LEFT JOIN produtos p ON v.produto_id = p.id 
                    ORDER BY v.data_venda DESC 
                    LIMIT ?
[26-Nov-2025 20:48:16 UTC] 🔢 Limit: 10
[26-Nov-2025 20:48:16 UTC] ✅ VendaModel::listar - 6 vendas encontradas
[26-Nov-2025 20:48:16 UTC] ✅ Vendas encontradas no model: 6
[26-Nov-2025 20:48:16 UTC] 🔍 Primeira venda do model: Array
(
    [id] => 8
    [produto_id] => 7
    [quantidade] => 90
    [preco_unitario] => 2.31
    [total_venda] => 207.90
    [data_venda] => 2025-11-26 17:22:26
    [usuario_id] => 1
    [observacoes] => 
    [estornada] => 0
    [usuario_estorno] => 
    [data_estorno] => 
    [produto_nome] => asfasd
    [sku] => 523543
)

[26-Nov-2025 20:48:16 UTC] 🎫 Vendas retornadas do service: 6
[26-Nov-2025 20:48:16 UTC] 🔍 VendaModel::tabelaExiste - Tabela 'vendas' existe: SIM
[26-Nov-2025 20:48:16 UTC] 📝 SQL totalVendasHoje: SELECT COALESCE(SUM(total_venda), 0) as total 
                    FROM vendas 
                    WHERE DATE(data_venda) = CURDATE() 
                    AND (estornada IS NULL OR estornada = 0)
[26-Nov-2025 20:48:16 UTC] 💰 VendaModel::totalVendasHoje - Total: 96711.29
[26-Nov-2025 20:48:16 UTC] 💰 Total hoje: 96711.29
[26-Nov-2025 20:48:16 UTC] Tentando carregar view: /var/www/site2.com/public_html/app/Controllers/../../src/views/vendas/index.php
[26-Nov-2025 20:48:16 UTC] View existe: SIM
[26-Nov-2025 20:48:20 UTC] 🎯 === INICIANDO VENDACONTROLLER::INDEX ===
[26-Nov-2025 20:48:20 UTC] 📊 Tabela 'vendas' existe: SIM
[26-Nov-2025 20:48:20 UTC] 📈 Total de vendas na tabela: 6
[26-Nov-2025 20:48:20 UTC] 🛍️ Buscando produtos disponíveis...
[26-Nov-2025 20:48:20 UTC] ✅ Produtos encontrados: 13
[26-Nov-2025 20:48:20 UTC] 🔍 Primeiro produto: stdClass Object
(
    [id] => 17
    [nome] => AFADFSADASafshhjasfb
    [preco] => 321341.23
    [quantidade_estoque] => 312321
    [sku] => 45632545327
    [descricao] => fasfasf
)

[26-Nov-2025 20:48:20 UTC] 📋 Chamando getHistoricoVendas(10)...
[26-Nov-2025 20:48:20 UTC] 🔍 VendaService::getHistoricoVendas - Buscando 10 vendas
[26-Nov-2025 20:48:20 UTC] 🔍 VendaModel::tabelaExiste - Tabela 'vendas' existe: SIM
[26-Nov-2025 20:48:20 UTC] 📊 Tabela existe no service: SIM
[26-Nov-2025 20:48:20 UTC] 📋 Chamando vendaModel->listar(10)...
[26-Nov-2025 20:48:20 UTC] 🎯 VendaModel::listar - Iniciando busca por 10 vendas
[26-Nov-2025 20:48:20 UTC] 📝 SQL: SELECT v.*, p.nome as produto_nome, p.sku 
                    FROM vendas v 
                    LEFT JOIN produtos p ON v.produto_id = p.id 
                    ORDER BY v.data_venda DESC 
                    LIMIT ?
[26-Nov-2025 20:48:20 UTC] 🔢 Limit: 10
[26-Nov-2025 20:48:20 UTC] ✅ VendaModel::listar - 6 vendas encontradas
[26-Nov-2025 20:48:20 UTC] ✅ Vendas encontradas no model: 6
[26-Nov-2025 20:48:20 UTC] 🔍 Primeira venda do model: Array
(
    [id] => 8
    [produto_id] => 7
    [quantidade] => 90
    [preco_unitario] => 2.31
    [total_venda] => 207.90
    [data_venda] => 2025-11-26 17:22:26
    [usuario_id] => 1
    [observacoes] => 
    [estornada] => 0
    [usuario_estorno] => 
    [data_estorno] => 
    [produto_nome] => asfasd
    [sku] => 523543
)

[26-Nov-2025 20:48:20 UTC] 🎫 Vendas retornadas do service: 6
[26-Nov-2025 20:48:20 UTC] 🔍 VendaModel::tabelaExiste - Tabela 'vendas' existe: SIM
[26-Nov-2025 20:48:20 UTC] 📝 SQL totalVendasHoje: SELECT COALESCE(SUM(total_venda), 0) as total 
                    FROM vendas 
                    WHERE DATE(data_venda) = CURDATE() 
                    AND (estornada IS NULL OR estornada = 0)
[26-Nov-2025 20:48:20 UTC] 💰 VendaModel::totalVendasHoje - Total: 96711.29
[26-Nov-2025 20:48:20 UTC] 💰 Total hoje: 96711.29
[26-Nov-2025 20:48:20 UTC] Tentando carregar view: /var/www/site2.com/public_html/app/Controllers/../../src/views/vendas/index.php
[26-Nov-2025 20:48:20 UTC] View existe: SIM
[26-Nov-2025 20:48:34 UTC] 🎯 === INICIANDO VENDACONTROLLER::INDEX ===
[26-Nov-2025 20:48:34 UTC] 📊 Tabela 'vendas' existe: SIM
[26-Nov-2025 20:48:34 UTC] 📈 Total de vendas na tabela: 6
[26-Nov-2025 20:48:34 UTC] 🛍️ Buscando produtos disponíveis...
[26-Nov-2025 20:48:34 UTC] ✅ Produtos encontrados: 13
[26-Nov-2025 20:48:34 UTC] 🔍 Primeiro produto: stdClass Object
(
    [id] => 17
    [nome] => AFADFSADASafshhjasfb
    [preco] => 321341.23
    [quantidade_estoque] => 312321
    [sku] => 45632545327
    [descricao] => fasfasf
)

[26-Nov-2025 20:48:34 UTC] 📋 Chamando getHistoricoVendas(10)...
[26-Nov-2025 20:48:34 UTC] 🔍 VendaService::getHistoricoVendas - Buscando 10 vendas
[26-Nov-2025 20:48:34 UTC] 🔍 VendaModel::tabelaExiste - Tabela 'vendas' existe: SIM
[26-Nov-2025 20:48:34 UTC] 📊 Tabela existe no service: SIM
[26-Nov-2025 20:48:34 UTC] 📋 Chamando vendaModel->listar(10)...
[26-Nov-2025 20:48:34 UTC] 🎯 VendaModel::listar - Iniciando busca por 10 vendas
[26-Nov-2025 20:48:34 UTC] 📝 SQL: SELECT v.*, p.nome as produto_nome, p.sku 
                    FROM vendas v 
                    LEFT JOIN produtos p ON v.produto_id = p.id 
                    ORDER BY v.data_venda DESC 
                    LIMIT ?
[26-Nov-2025 20:48:34 UTC] 🔢 Limit: 10
[26-Nov-2025 20:48:34 UTC] ✅ VendaModel::listar - 6 vendas encontradas
[26-Nov-2025 20:48:34 UTC] ✅ Vendas encontradas no model: 6
[26-Nov-2025 20:48:34 UTC] 🔍 Primeira venda do model: Array
(
    [id] => 8
    [produto_id] => 7
    [quantidade] => 90
    [preco_unitario] => 2.31
    [total_venda] => 207.90
    [data_venda] => 2025-11-26 17:22:26
    [usuario_id] => 1
    [observacoes] => 
    [estornada] => 0
    [usuario_estorno] => 
    [data_estorno] => 
    [produto_nome] => asfasd
    [sku] => 523543
)

[26-Nov-2025 20:48:34 UTC] 🎫 Vendas retornadas do service: 6
[26-Nov-2025 20:48:34 UTC] 🔍 VendaModel::tabelaExiste - Tabela 'vendas' existe: SIM
[26-Nov-2025 20:48:34 UTC] 📝 SQL totalVendasHoje: SELECT COALESCE(SUM(total_venda), 0) as total 
                    FROM vendas 
                    WHERE DATE(data_venda) = CURDATE() 
                    AND (estornada IS NULL OR estornada = 0)
[26-Nov-2025 20:48:34 UTC] 💰 VendaModel::totalVendasHoje - Total: 96711.29
[26-Nov-2025 20:48:34 UTC] 💰 Total hoje: 96711.29
[26-Nov-2025 20:48:34 UTC] Tentando carregar view: /var/www/site2.com/public_html/app/Controllers/../../src/views/vendas/index.php
[26-Nov-2025 20:48:34 UTC] View existe: SIM
[26-Nov-2025 20:48:39 UTC] 🎯 === INICIANDO VENDACONTROLLER::INDEX ===
[26-Nov-2025 20:48:39 UTC] 📊 Tabela 'vendas' existe: SIM
[26-Nov-2025 20:48:39 UTC] 📈 Total de vendas na tabela: 6
[26-Nov-2025 20:48:39 UTC] 🛍️ Buscando produtos disponíveis...
[26-Nov-2025 20:48:39 UTC] ✅ Produtos encontrados: 13
[26-Nov-2025 20:48:39 UTC] 🔍 Primeiro produto: stdClass Object
(
    [id] => 17
    [nome] => AFADFSADASafshhjasfb
    [preco] => 321341.23
    [quantidade_estoque] => 312321
    [sku] => 45632545327
    [descricao] => fasfasf
)

[26-Nov-2025 20:48:39 UTC] 📋 Chamando getHistoricoVendas(10)...
[26-Nov-2025 20:48:39 UTC] 🔍 VendaService::getHistoricoVendas - Buscando 10 vendas
[26-Nov-2025 20:48:39 UTC] 🔍 VendaModel::tabelaExiste - Tabela 'vendas' existe: SIM
[26-Nov-2025 20:48:39 UTC] 📊 Tabela existe no service: SIM
[26-Nov-2025 20:48:39 UTC] 📋 Chamando vendaModel->listar(10)...
[26-Nov-2025 20:48:39 UTC] 🎯 VendaModel::listar - Iniciando busca por 10 vendas
[26-Nov-2025 20:48:39 UTC] 📝 SQL: SELECT v.*, p.nome as produto_nome, p.sku 
                    FROM vendas v 
                    LEFT JOIN produtos p ON v.produto_id = p.id 
                    ORDER BY v.data_venda DESC 
                    LIMIT ?
[26-Nov-2025 20:48:39 UTC] 🔢 Limit: 10
[26-Nov-2025 20:48:39 UTC] ✅ VendaModel::listar - 6 vendas encontradas
[26-Nov-2025 20:48:39 UTC] ✅ Vendas encontradas no model: 6
[26-Nov-2025 20:48:39 UTC] 🔍 Primeira venda do model: Array
(
    [id] => 8
    [produto_id] => 7
    [quantidade] => 90
    [preco_unitario] => 2.31
    [total_venda] => 207.90
    [data_venda] => 2025-11-26 17:22:26
    [usuario_id] => 1
    [observacoes] => 
    [estornada] => 0
    [usuario_estorno] => 
    [data_estorno] => 
    [produto_nome] => asfasd
    [sku] => 523543
)

[26-Nov-2025 20:48:39 UTC] 🎫 Vendas retornadas do service: 6
[26-Nov-2025 20:48:39 UTC] 🔍 VendaModel::tabelaExiste - Tabela 'vendas' existe: SIM
[26-Nov-2025 20:48:39 UTC] 📝 SQL totalVendasHoje: SELECT COALESCE(SUM(total_venda), 0) as total 
                    FROM vendas 
                    WHERE DATE(data_venda) = CURDATE() 
                    AND (estornada IS NULL OR estornada = 0)
[26-Nov-2025 20:48:39 UTC] 💰 VendaModel::totalVendasHoje - Total: 96711.29
[26-Nov-2025 20:48:39 UTC] 💰 Total hoje: 96711.29
[26-Nov-2025 20:48:39 UTC] Tentando carregar view: /var/www/site2.com/public_html/app/Controllers/../../src/views/vendas/index.php
[26-Nov-2025 20:48:39 UTC] View existe: SIM
[26-Nov-2025 20:48:39 UTC] 🎯 === INICIANDO VENDACONTROLLER::INDEX ===
[26-Nov-2025 20:48:39 UTC] 📊 Tabela 'vendas' existe: SIM
[26-Nov-2025 20:48:39 UTC] 📈 Total de vendas na tabela: 6
[26-Nov-2025 20:48:39 UTC] 🛍️ Buscando produtos disponíveis...
[26-Nov-2025 20:48:39 UTC] ✅ Produtos encontrados: 13
[26-Nov-2025 20:48:39 UTC] 🔍 Primeiro produto: stdClass Object
(
    [id] => 17
    [nome] => AFADFSADASafshhjasfb
    [preco] => 321341.23
    [quantidade_estoque] => 312321
    [sku] => 45632545327
    [descricao] => fasfasf
)

[26-Nov-2025 20:48:39 UTC] 📋 Chamando getHistoricoVendas(10)...
[26-Nov-2025 20:48:39 UTC] 🔍 VendaService::getHistoricoVendas - Buscando 10 vendas
[26-Nov-2025 20:48:39 UTC] 🔍 VendaModel::tabelaExiste - Tabela 'vendas' existe: SIM
[26-Nov-2025 20:48:39 UTC] 📊 Tabela existe no service: SIM
[26-Nov-2025 20:48:39 UTC] 📋 Chamando vendaModel->listar(10)...
[26-Nov-2025 20:48:39 UTC] 🎯 VendaModel::listar - Iniciando busca por 10 vendas
[26-Nov-2025 20:48:39 UTC] 📝 SQL: SELECT v.*, p.nome as produto_nome, p.sku 
                    FROM vendas v 
                    LEFT JOIN produtos p ON v.produto_id = p.id 
                    ORDER BY v.data_venda DESC 
                    LIMIT ?
[26-Nov-2025 20:48:39 UTC] 🔢 Limit: 10
[26-Nov-2025 20:48:39 UTC] ✅ VendaModel::listar - 6 vendas encontradas
[26-Nov-2025 20:48:39 UTC] ✅ Vendas encontradas no model: 6
[26-Nov-2025 20:48:39 UTC] 🔍 Primeira venda do model: Array
(
    [id] => 8
    [produto_id] => 7
    [quantidade] => 90
    [preco_unitario] => 2.31
    [total_venda] => 207.90
    [data_venda] => 2025-11-26 17:22:26
    [usuario_id] => 1
    [observacoes] => 
    [estornada] => 0
    [usuario_estorno] => 
    [data_estorno] => 
    [produto_nome] => asfasd
    [sku] => 523543
)

[26-Nov-2025 20:48:39 UTC] 🎫 Vendas retornadas do service: 6
[26-Nov-2025 20:48:39 UTC] 🔍 VendaModel::tabelaExiste - Tabela 'vendas' existe: SIM
[26-Nov-2025 20:48:39 UTC] 📝 SQL totalVendasHoje: SELECT COALESCE(SUM(total_venda), 0) as total 
                    FROM vendas 
                    WHERE DATE(data_venda) = CURDATE() 
                    AND (estornada IS NULL OR estornada = 0)
[26-Nov-2025 20:48:39 UTC] 💰 VendaModel::totalVendasHoje - Total: 96711.29
[26-Nov-2025 20:48:39 UTC] 💰 Total hoje: 96711.29
[26-Nov-2025 20:48:39 UTC] Tentando carregar view: /var/www/site2.com/public_html/app/Controllers/../../src/views/vendas/index.php
[26-Nov-2025 20:48:39 UTC] View existe: SIM
[26-Nov-2025 20:48:40 UTC] 🎯 === INICIANDO VENDACONTROLLER::INDEX ===
[26-Nov-2025 20:48:40 UTC] 📊 Tabela 'vendas' existe: SIM
[26-Nov-2025 20:48:40 UTC] 📈 Total de vendas na tabela: 6
[26-Nov-2025 20:48:40 UTC] 🛍️ Buscando produtos disponíveis...
[26-Nov-2025 20:48:40 UTC] ✅ Produtos encontrados: 13
[26-Nov-2025 20:48:40 UTC] 🔍 Primeiro produto: stdClass Object
(
    [id] => 17
    [nome] => AFADFSADASafshhjasfb
    [preco] => 321341.23
    [quantidade_estoque] => 312321
    [sku] => 45632545327
    [descricao] => fasfasf
)

[26-Nov-2025 20:48:40 UTC] 📋 Chamando getHistoricoVendas(10)...
[26-Nov-2025 20:48:40 UTC] 🔍 VendaService::getHistoricoVendas - Buscando 10 vendas
[26-Nov-2025 20:48:40 UTC] 🔍 VendaModel::tabelaExiste - Tabela 'vendas' existe: SIM
[26-Nov-2025 20:48:40 UTC] 📊 Tabela existe no service: SIM
[26-Nov-2025 20:48:40 UTC] 📋 Chamando vendaModel->listar(10)...
[26-Nov-2025 20:48:40 UTC] 🎯 VendaModel::listar - Iniciando busca por 10 vendas
[26-Nov-2025 20:48:40 UTC] 📝 SQL: SELECT v.*, p.nome as produto_nome, p.sku 
                    FROM vendas v 
                    LEFT JOIN produtos p ON v.produto_id = p.id 
                    ORDER BY v.data_venda DESC 
                    LIMIT ?
[26-Nov-2025 20:48:40 UTC] 🔢 Limit: 10
[26-Nov-2025 20:48:40 UTC] ✅ VendaModel::listar - 6 vendas encontradas
[26-Nov-2025 20:48:40 UTC] ✅ Vendas encontradas no model: 6
[26-Nov-2025 20:48:40 UTC] 🔍 Primeira venda do model: Array
(
    [id] => 8
    [produto_id] => 7
    [quantidade] => 90
    [preco_unitario] => 2.31
    [total_venda] => 207.90
    [data_venda] => 2025-11-26 17:22:26
    [usuario_id] => 1
    [observacoes] => 
    [estornada] => 0
    [usuario_estorno] => 
    [data_estorno] => 
    [produto_nome] => asfasd
    [sku] => 523543
)

[26-Nov-2025 20:48:40 UTC] 🎫 Vendas retornadas do service: 6
[26-Nov-2025 20:48:40 UTC] 🔍 VendaModel::tabelaExiste - Tabela 'vendas' existe: SIM
[26-Nov-2025 20:48:40 UTC] 📝 SQL totalVendasHoje: SELECT COALESCE(SUM(total_venda), 0) as total 
                    FROM vendas 
                    WHERE DATE(data_venda) = CURDATE() 
                    AND (estornada IS NULL OR estornada = 0)
[26-Nov-2025 20:48:40 UTC] 💰 VendaModel::totalVendasHoje - Total: 96711.29
[26-Nov-2025 20:48:40 UTC] 💰 Total hoje: 96711.29
[26-Nov-2025 20:48:40 UTC] Tentando carregar view: /var/www/site2.com/public_html/app/Controllers/../../src/views/vendas/index.php
[26-Nov-2025 20:48:40 UTC] View existe: SIM
[26-Nov-2025 20:48:40 UTC] 🎯 === INICIANDO VENDACONTROLLER::INDEX ===
[26-Nov-2025 20:48:40 UTC] 📊 Tabela 'vendas' existe: SIM
[26-Nov-2025 20:48:40 UTC] 📈 Total de vendas na tabela: 6
[26-Nov-2025 20:48:40 UTC] 🛍️ Buscando produtos disponíveis...
[26-Nov-2025 20:48:40 UTC] ✅ Produtos encontrados: 13
[26-Nov-2025 20:48:40 UTC] 🔍 Primeiro produto: stdClass Object
(
    [id] => 17
    [nome] => AFADFSADASafshhjasfb
    [preco] => 321341.23
    [quantidade_estoque] => 312321
    [sku] => 45632545327
    [descricao] => fasfasf
)

[26-Nov-2025 20:48:40 UTC] 📋 Chamando getHistoricoVendas(10)...
[26-Nov-2025 20:48:40 UTC] 🔍 VendaService::getHistoricoVendas - Buscando 10 vendas
[26-Nov-2025 20:48:40 UTC] 🔍 VendaModel::tabelaExiste - Tabela 'vendas' existe: SIM
[26-Nov-2025 20:48:40 UTC] 📊 Tabela existe no service: SIM
[26-Nov-2025 20:48:40 UTC] 📋 Chamando vendaModel->listar(10)...
[26-Nov-2025 20:48:40 UTC] 🎯 VendaModel::listar - Iniciando busca por 10 vendas
[26-Nov-2025 20:48:40 UTC] 📝 SQL: SELECT v.*, p.nome as produto_nome, p.sku 
                    FROM vendas v 
                    LEFT JOIN produtos p ON v.produto_id = p.id 
                    ORDER BY v.data_venda DESC 
                    LIMIT ?
[26-Nov-2025 20:48:40 UTC] 🔢 Limit: 10
[26-Nov-2025 20:48:40 UTC] ✅ VendaModel::listar - 6 vendas encontradas
[26-Nov-2025 20:48:40 UTC] ✅ Vendas encontradas no model: 6
[26-Nov-2025 20:48:40 UTC] 🔍 Primeira venda do model: Array
(
    [id] => 8
    [produto_id] => 7
    [quantidade] => 90
    [preco_unitario] => 2.31
    [total_venda] => 207.90
    [data_venda] => 2025-11-26 17:22:26
    [usuario_id] => 1
    [observacoes] => 
    [estornada] => 0
    [usuario_estorno] => 
    [data_estorno] => 
    [produto_nome] => asfasd
    [sku] => 523543
)

[26-Nov-2025 20:48:40 UTC] 🎫 Vendas retornadas do service: 6
[26-Nov-2025 20:48:40 UTC] 🔍 VendaModel::tabelaExiste - Tabela 'vendas' existe: SIM
[26-Nov-2025 20:48:40 UTC] 📝 SQL totalVendasHoje: SELECT COALESCE(SUM(total_venda), 0) as total 
                    FROM vendas 
                    WHERE DATE(data_venda) = CURDATE() 
                    AND (estornada IS NULL OR estornada = 0)
[26-Nov-2025 20:48:40 UTC] 💰 VendaModel::totalVendasHoje - Total: 96711.29
[26-Nov-2025 20:48:40 UTC] 💰 Total hoje: 96711.29
[26-Nov-2025 20:48:40 UTC] Tentando carregar view: /var/www/site2.com/public_html/app/Controllers/../../src/views/vendas/index.php
[26-Nov-2025 20:48:40 UTC] View existe: SIM
[26-Nov-2025 20:49:14 UTC] 🔍 VendaModel::tabelaExiste - Tabela 'vendas' existe: SIM
[26-Nov-2025 20:49:14 UTC] Tentando carregar view: /var/www/site2.com/public_html/app/Controllers/../../src/views/vendas/relatorio.php
[26-Nov-2025 20:49:14 UTC] View existe: SIM
[26-Nov-2025 20:49:16 UTC] 🎯 === INICIANDO VENDACONTROLLER::INDEX ===
[26-Nov-2025 20:49:16 UTC] 📊 Tabela 'vendas' existe: SIM
[26-Nov-2025 20:49:16 UTC] 📈 Total de vendas na tabela: 6
[26-Nov-2025 20:49:16 UTC] 🛍️ Buscando produtos disponíveis...
[26-Nov-2025 20:49:16 UTC] ✅ Produtos encontrados: 13
[26-Nov-2025 20:49:16 UTC] 🔍 Primeiro produto: stdClass Object
(
    [id] => 17
    [nome] => AFADFSADASafshhjasfb
    [preco] => 321341.23
    [quantidade_estoque] => 312321
    [sku] => 45632545327
    [descricao] => fasfasf
)

[26-Nov-2025 20:49:16 UTC] 📋 Chamando getHistoricoVendas(10)...
[26-Nov-2025 20:49:16 UTC] 🔍 VendaService::getHistoricoVendas - Buscando 10 vendas
[26-Nov-2025 20:49:16 UTC] 🔍 VendaModel::tabelaExiste - Tabela 'vendas' existe: SIM
[26-Nov-2025 20:49:16 UTC] 📊 Tabela existe no service: SIM
[26-Nov-2025 20:49:16 UTC] 📋 Chamando vendaModel->listar(10)...
[26-Nov-2025 20:49:16 UTC] 🎯 VendaModel::listar - Iniciando busca por 10 vendas
[26-Nov-2025 20:49:16 UTC] 📝 SQL: SELECT v.*, p.nome as produto_nome, p.sku 
                    FROM vendas v 
                    LEFT JOIN produtos p ON v.produto_id = p.id 
                    ORDER BY v.data_venda DESC 
                    LIMIT ?
[26-Nov-2025 20:49:16 UTC] 🔢 Limit: 10
[26-Nov-2025 20:49:16 UTC] ✅ VendaModel::listar - 6 vendas encontradas
[26-Nov-2025 20:49:16 UTC] ✅ Vendas encontradas no model: 6
[26-Nov-2025 20:49:16 UTC] 🔍 Primeira venda do model: Array
(
    [id] => 8
    [produto_id] => 7
    [quantidade] => 90
    [preco_unitario] => 2.31
    [total_venda] => 207.90
    [data_venda] => 2025-11-26 17:22:26
    [usuario_id] => 1
    [observacoes] => 
    [estornada] => 0
    [usuario_estorno] => 
    [data_estorno] => 
    [produto_nome] => asfasd
    [sku] => 523543
)

[26-Nov-2025 20:49:16 UTC] 🎫 Vendas retornadas do service: 6
[26-Nov-2025 20:49:16 UTC] 🔍 VendaModel::tabelaExiste - Tabela 'vendas' existe: SIM
[26-Nov-2025 20:49:16 UTC] 📝 SQL totalVendasHoje: SELECT COALESCE(SUM(total_venda), 0) as total 
                    FROM vendas 
                    WHERE DATE(data_venda) = CURDATE() 
                    AND (estornada IS NULL OR estornada = 0)
[26-Nov-2025 20:49:16 UTC] 💰 VendaModel::totalVendasHoje - Total: 96711.29
[26-Nov-2025 20:49:16 UTC] 💰 Total hoje: 96711.29
[26-Nov-2025 20:49:16 UTC] Tentando carregar view: /var/www/site2.com/public_html/app/Controllers/../../src/views/vendas/index.php
[26-Nov-2025 20:49:16 UTC] View existe: SIM
[26-Nov-2025 20:49:19 UTC] 🔍 VendaModel::tabelaExiste - Tabela 'vendas' existe: SIM
[26-Nov-2025 20:49:19 UTC] Tentando carregar view: /var/www/site2.com/public_html/app/Controllers/../../src/views/vendas/relatorio.php
[26-Nov-2025 20:49:19 UTC] View existe: SIM
[26-Nov-2025 20:49:37 UTC] 🎯 === INICIANDO VENDACONTROLLER::INDEX ===
[26-Nov-2025 20:49:37 UTC] 📊 Tabela 'vendas' existe: SIM
[26-Nov-2025 20:49:37 UTC] 📈 Total de vendas na tabela: 6
[26-Nov-2025 20:49:37 UTC] 🛍️ Buscando produtos disponíveis...
[26-Nov-2025 20:49:37 UTC] ✅ Produtos encontrados: 13
[26-Nov-2025 20:49:37 UTC] 🔍 Primeiro produto: stdClass Object
(
    [id] => 17
    [nome] => AFADFSADASafshhjasfb
    [preco] => 321341.23
    [quantidade_estoque] => 312321
    [sku] => 45632545327
    [descricao] => fasfasf
)

[26-Nov-2025 20:49:37 UTC] 📋 Chamando getHistoricoVendas(10)...
[26-Nov-2025 20:49:37 UTC] 🔍 VendaService::getHistoricoVendas - Buscando 10 vendas
[26-Nov-2025 20:49:37 UTC] 🔍 VendaModel::tabelaExiste - Tabela 'vendas' existe: SIM
[26-Nov-2025 20:49:37 UTC] 📊 Tabela existe no service: SIM
[26-Nov-2025 20:49:37 UTC] 📋 Chamando vendaModel->listar(10)...
[26-Nov-2025 20:49:37 UTC] 🎯 VendaModel::listar - Iniciando busca por 10 vendas
[26-Nov-2025 20:49:37 UTC] 📝 SQL: SELECT v.*, p.nome as produto_nome, p.sku 
                    FROM vendas v 
                    LEFT JOIN produtos p ON v.produto_id = p.id 
                    ORDER BY v.data_venda DESC 
                    LIMIT ?
[26-Nov-2025 20:49:37 UTC] 🔢 Limit: 10
[26-Nov-2025 20:49:37 UTC] ✅ VendaModel::listar - 6 vendas encontradas
[26-Nov-2025 20:49:37 UTC] ✅ Vendas encontradas no model: 6
[26-Nov-2025 20:49:37 UTC] 🔍 Primeira venda do model: Array
(
    [id] => 8
    [produto_id] => 7
    [quantidade] => 90
    [preco_unitario] => 2.31
    [total_venda] => 207.90
    [data_venda] => 2025-11-26 17:22:26
    [usuario_id] => 1
    [observacoes] => 
    [estornada] => 0
    [usuario_estorno] => 
    [data_estorno] => 
    [produto_nome] => asfasd
    [sku] => 523543
)

[26-Nov-2025 20:49:37 UTC] 🎫 Vendas retornadas do service: 6
[26-Nov-2025 20:49:37 UTC] 🔍 VendaModel::tabelaExiste - Tabela 'vendas' existe: SIM
[26-Nov-2025 20:49:37 UTC] 📝 SQL totalVendasHoje: SELECT COALESCE(SUM(total_venda), 0) as total 
                    FROM vendas 
                    WHERE DATE(data_venda) = CURDATE() 
                    AND (estornada IS NULL OR estornada = 0)
[26-Nov-2025 20:49:37 UTC] 💰 VendaModel::totalVendasHoje - Total: 96711.29
[26-Nov-2025 20:49:37 UTC] 💰 Total hoje: 96711.29
[26-Nov-2025 20:49:37 UTC] Tentando carregar view: /var/www/site2.com/public_html/app/Controllers/../../src/views/vendas/index.php
[26-Nov-2025 20:49:37 UTC] View existe: SIM
[26-Nov-2025 20:49:39 UTC] 🔍 VendaModel::tabelaExiste - Tabela 'vendas' existe: SIM
[26-Nov-2025 20:49:39 UTC] Tentando carregar view: /var/www/site2.com/public_html/app/Controllers/../../src/views/vendas/relatorio.php
[26-Nov-2025 20:49:39 UTC] View existe: SIM
[26-Nov-2025 20:49:40 UTC] 🔍 VendaModel::tabelaExiste - Tabela 'vendas' existe: SIM
[26-Nov-2025 20:49:40 UTC] Tentando carregar view: /var/www/site2.com/public_html/app/Controllers/../../src/views/vendas/relatorio.php
[26-Nov-2025 20:49:40 UTC] View existe: SIM
[26-Nov-2025 20:49:42 UTC] 🔍 VendaModel::tabelaExiste - Tabela 'vendas' existe: SIM
[26-Nov-2025 20:49:42 UTC] Tentando carregar view: /var/www/site2.com/public_html/app/Controllers/../../src/views/vendas/relatorio.php
[26-Nov-2025 20:49:42 UTC] View existe: SIM
[26-Nov-2025 20:50:03 UTC] 🔍 VendaModel::tabelaExiste - Tabela 'vendas' existe: SIM
[26-Nov-2025 20:50:03 UTC] Tentando carregar view: /var/www/site2.com/public_html/app/Controllers/../../src/views/vendas/relatorio.php
[26-Nov-2025 20:50:03 UTC] View existe: SIM
[26-Nov-2025 20:50:07 UTC] 🔍 VendaModel::tabelaExiste - Tabela 'vendas' existe: SIM
[26-Nov-2025 20:50:07 UTC] Tentando carregar view: /var/www/site2.com/public_html/app/Controllers/../../src/views/vendas/relatorio.php
[26-Nov-2025 20:50:07 UTC] View existe: SIM
[26-Nov-2025 20:50:11 UTC] Tentando carregar view: /var/www/site2.com/public_html/app/Controllers/../../src/views/home.php
[26-Nov-2025 20:50:11 UTC] View existe: SIM
[26-Nov-2025 20:51:03 UTC] 🎯 === INICIANDO VENDACONTROLLER::INDEX ===
[26-Nov-2025 20:51:03 UTC] 📊 Tabela 'vendas' existe: SIM
[26-Nov-2025 20:51:03 UTC] 📈 Total de vendas na tabela: 6
[26-Nov-2025 20:51:03 UTC] 🛍️ Buscando produtos disponíveis...
[26-Nov-2025 20:51:03 UTC] ✅ Produtos encontrados: 13
[26-Nov-2025 20:51:03 UTC] 🔍 Primeiro produto: stdClass Object
(
    [id] => 17
    [nome] => AFADFSADASafshhjasfb
    [preco] => 321341.23
    [quantidade_estoque] => 312321
    [sku] => 45632545327
    [descricao] => fasfasf
)

[26-Nov-2025 20:51:03 UTC] 📋 Chamando getHistoricoVendas(10)...
[26-Nov-2025 20:51:03 UTC] 🔍 VendaService::getHistoricoVendas - Buscando 10 vendas
[26-Nov-2025 20:51:03 UTC] 🔍 VendaModel::tabelaExiste - Tabela 'vendas' existe: SIM
[26-Nov-2025 20:51:03 UTC] 📊 Tabela existe no service: SIM
[26-Nov-2025 20:51:03 UTC] 📋 Chamando vendaModel->listar(10)...
[26-Nov-2025 20:51:03 UTC] 🎯 VendaModel::listar - Iniciando busca por 10 vendas
[26-Nov-2025 20:51:03 UTC] 📝 SQL: SELECT v.*, p.nome as produto_nome, p.sku 
                    FROM vendas v 
                    LEFT JOIN produtos p ON v.produto_id = p.id 
                    ORDER BY v.data_venda DESC 
                    LIMIT ?
[26-Nov-2025 20:51:03 UTC] 🔢 Limit: 10
[26-Nov-2025 20:51:03 UTC] ✅ VendaModel::listar - 6 vendas encontradas
[26-Nov-2025 20:51:03 UTC] ✅ Vendas encontradas no model: 6
[26-Nov-2025 20:51:03 UTC] 🔍 Primeira venda do model: Array
(
    [id] => 8
    [produto_id] => 7
    [quantidade] => 90
    [preco_unitario] => 2.31
    [total_venda] => 207.90
    [data_venda] => 2025-11-26 17:22:26
    [usuario_id] => 1
    [observacoes] => 
    [estornada] => 0
    [usuario_estorno] => 
    [data_estorno] => 
    [produto_nome] => asfasd
    [sku] => 523543
)

[26-Nov-2025 20:51:03 UTC] 🎫 Vendas retornadas do service: 6
[26-Nov-2025 20:51:03 UTC] 🔍 VendaModel::tabelaExiste - Tabela 'vendas' existe: SIM
[26-Nov-2025 20:51:03 UTC] 📝 SQL totalVendasHoje: SELECT COALESCE(SUM(total_venda), 0) as total 
                    FROM vendas 
                    WHERE DATE(data_venda) = CURDATE() 
                    AND (estornada IS NULL OR estornada = 0)
[26-Nov-2025 20:51:03 UTC] 💰 VendaModel::totalVendasHoje - Total: 96711.29
[26-Nov-2025 20:51:03 UTC] 💰 Total hoje: 96711.29
[26-Nov-2025 20:51:03 UTC] Tentando carregar view: /var/www/site2.com/public_html/app/Controllers/../../src/views/vendas/index.php
[26-Nov-2025 20:51:03 UTC] View existe: SIM
[26-Nov-2025 20:51:10 UTC] 🎯 === INICIANDO VENDACONTROLLER::INDEX ===
[26-Nov-2025 20:51:10 UTC] 📊 Tabela 'vendas' existe: SIM
[26-Nov-2025 20:51:10 UTC] 📈 Total de vendas na tabela: 6
[26-Nov-2025 20:51:10 UTC] 🛍️ Buscando produtos disponíveis...
[26-Nov-2025 20:51:10 UTC] ✅ Produtos encontrados: 13
[26-Nov-2025 20:51:10 UTC] 🔍 Primeiro produto: stdClass Object
(
    [id] => 17
    [nome] => AFADFSADASafshhjasfb
    [preco] => 321341.23
    [quantidade_estoque] => 312321
    [sku] => 45632545327
    [descricao] => fasfasf
)

[26-Nov-2025 20:51:10 UTC] 📋 Chamando getHistoricoVendas(10)...
[26-Nov-2025 20:51:10 UTC] 🔍 VendaService::getHistoricoVendas - Buscando 10 vendas
[26-Nov-2025 20:51:10 UTC] 🔍 VendaModel::tabelaExiste - Tabela 'vendas' existe: SIM
[26-Nov-2025 20:51:10 UTC] 📊 Tabela existe no service: SIM
[26-Nov-2025 20:51:10 UTC] 📋 Chamando vendaModel->listar(10)...
[26-Nov-2025 20:51:10 UTC] 🎯 VendaModel::listar - Iniciando busca por 10 vendas
[26-Nov-2025 20:51:10 UTC] 📝 SQL: SELECT v.*, p.nome as produto_nome, p.sku 
                    FROM vendas v 
                    LEFT JOIN produtos p ON v.produto_id = p.id 
                    ORDER BY v.data_venda DESC 
                    LIMIT ?
[26-Nov-2025 20:51:10 UTC] 🔢 Limit: 10
[26-Nov-2025 20:51:10 UTC] ✅ VendaModel::listar - 6 vendas encontradas
[26-Nov-2025 20:51:10 UTC] ✅ Vendas encontradas no model: 6
[26-Nov-2025 20:51:10 UTC] 🔍 Primeira venda do model: Array
(
    [id] => 8
    [produto_id] => 7
    [quantidade] => 90
    [preco_unitario] => 2.31
    [total_venda] => 207.90
    [data_venda] => 2025-11-26 17:22:26
    [usuario_id] => 1
    [observacoes] => 
    [estornada] => 0
    [usuario_estorno] => 
    [data_estorno] => 
    [produto_nome] => asfasd
    [sku] => 523543
)

[26-Nov-2025 20:51:10 UTC] 🎫 Vendas retornadas do service: 6
[26-Nov-2025 20:51:10 UTC] 🔍 VendaModel::tabelaExiste - Tabela 'vendas' existe: SIM
[26-Nov-2025 20:51:10 UTC] 📝 SQL totalVendasHoje: SELECT COALESCE(SUM(total_venda), 0) as total 
                    FROM vendas 
                    WHERE DATE(data_venda) = CURDATE() 
                    AND (estornada IS NULL OR estornada = 0)
[26-Nov-2025 20:51:10 UTC] 💰 VendaModel::totalVendasHoje - Total: 96711.29
[26-Nov-2025 20:51:10 UTC] 💰 Total hoje: 96711.29
[26-Nov-2025 20:51:10 UTC] Tentando carregar view: /var/www/site2.com/public_html/app/Controllers/../../src/views/vendas/index.php
[26-Nov-2025 20:51:10 UTC] View existe: SIM
[26-Nov-2025 20:51:52 UTC] 🎯 === INICIANDO VENDACONTROLLER::INDEX ===
[26-Nov-2025 20:51:52 UTC] 📊 Tabela 'vendas' existe: SIM
[26-Nov-2025 20:51:52 UTC] 📈 Total de vendas na tabela: 6
[26-Nov-2025 20:51:52 UTC] 🛍️ Buscando produtos disponíveis...
[26-Nov-2025 20:51:52 UTC] ✅ Produtos encontrados: 13
[26-Nov-2025 20:51:52 UTC] 🔍 Primeiro produto: stdClass Object
(
    [id] => 17
    [nome] => AFADFSADASafshhjasfb
    [preco] => 321341.23
    [quantidade_estoque] => 312321
    [sku] => 45632545327
    [descricao] => fasfasf
)

[26-Nov-2025 20:51:52 UTC] 📋 Chamando getHistoricoVendas(10)...
[26-Nov-2025 20:51:52 UTC] 🔍 VendaService::getHistoricoVendas - Buscando 10 vendas
[26-Nov-2025 20:51:52 UTC] 🔍 VendaModel::tabelaExiste - Tabela 'vendas' existe: SIM
[26-Nov-2025 20:51:52 UTC] 📊 Tabela existe no service: SIM
[26-Nov-2025 20:51:52 UTC] 📋 Chamando vendaModel->listar(10)...
[26-Nov-2025 20:51:52 UTC] 🎯 VendaModel::listar - Iniciando busca por 10 vendas
[26-Nov-2025 20:51:52 UTC] 📝 SQL: SELECT v.*, p.nome as produto_nome, p.sku 
                    FROM vendas v 
                    LEFT JOIN produtos p ON v.produto_id = p.id 
                    ORDER BY v.data_venda DESC 
                    LIMIT ?
[26-Nov-2025 20:51:52 UTC] 🔢 Limit: 10
[26-Nov-2025 20:51:52 UTC] ✅ VendaModel::listar - 6 vendas encontradas
[26-Nov-2025 20:51:52 UTC] ✅ Vendas encontradas no model: 6
[26-Nov-2025 20:51:52 UTC] 🔍 Primeira venda do model: Array
(
    [id] => 8
    [produto_id] => 7
    [quantidade] => 90
    [preco_unitario] => 2.31
    [total_venda] => 207.90
    [data_venda] => 2025-11-26 17:22:26
    [usuario_id] => 1
    [observacoes] => 
    [estornada] => 0
    [usuario_estorno] => 
    [data_estorno] => 
    [produto_nome] => asfasd
    [sku] => 523543
)

[26-Nov-2025 20:51:52 UTC] 🎫 Vendas retornadas do service: 6
[26-Nov-2025 20:51:52 UTC] 🔍 VendaModel::tabelaExiste - Tabela 'vendas' existe: SIM
[26-Nov-2025 20:51:52 UTC] 📝 SQL totalVendasHoje: SELECT COALESCE(SUM(total_venda), 0) as total 
                    FROM vendas 
                    WHERE DATE(data_venda) = CURDATE() 
                    AND (estornada IS NULL OR estornada = 0)
[26-Nov-2025 20:51:52 UTC] 💰 VendaModel::totalVendasHoje - Total: 96711.29
[26-Nov-2025 20:51:52 UTC] 💰 Total hoje: 96711.29
[26-Nov-2025 20:51:52 UTC] Tentando carregar view: /var/www/site2.com/public_html/app/Controllers/../../src/views/vendas/index.php
[26-Nov-2025 20:51:52 UTC] View existe: SIM
[26-Nov-2025 20:53:36 UTC] Tentando carregar view: /var/www/site2.com/public_html/app/Controllers/../../src/views/login.php
[26-Nov-2025 20:53:36 UTC] View existe: SIM
[26-Nov-2025 20:57:29 UTC] 🎯 === INICIANDO VENDACONTROLLER::INDEX ===
[26-Nov-2025 20:57:29 UTC] 📊 Tabela 'vendas' existe: SIM
[26-Nov-2025 20:57:29 UTC] 📈 Total de vendas na tabela: 6
[26-Nov-2025 20:57:29 UTC] 🛍️ Buscando produtos disponíveis...
[26-Nov-2025 20:57:29 UTC] ✅ Produtos encontrados: 13
[26-Nov-2025 20:57:29 UTC] 🔍 Primeiro produto: stdClass Object
(
    [id] => 17
    [nome] => AFADFSADASafshhjasfb
    [preco] => 321341.23
    [quantidade_estoque] => 312321
    [sku] => 45632545327
    [descricao] => fasfasf
)

[26-Nov-2025 20:57:29 UTC] 📋 Chamando getHistoricoVendas(10)...
[26-Nov-2025 20:57:29 UTC] 🔍 VendaService::getHistoricoVendas - Buscando 10 vendas
[26-Nov-2025 20:57:29 UTC] 🔍 VendaModel::tabelaExiste - Tabela 'vendas' existe: SIM
[26-Nov-2025 20:57:29 UTC] 📊 Tabela existe no service: SIM
[26-Nov-2025 20:57:29 UTC] 📋 Chamando vendaModel->listar(10)...
[26-Nov-2025 20:57:29 UTC] 🎯 VendaModel::listar - Iniciando busca por 10 vendas
[26-Nov-2025 20:57:29 UTC] 📝 SQL: SELECT v.*, p.nome as produto_nome, p.sku 
                    FROM vendas v 
                    LEFT JOIN produtos p ON v.produto_id = p.id 
                    ORDER BY v.data_venda DESC 
                    LIMIT ?
[26-Nov-2025 20:57:29 UTC] 🔢 Limit: 10
[26-Nov-2025 20:57:29 UTC] ✅ VendaModel::listar - 6 vendas encontradas
[26-Nov-2025 20:57:29 UTC] ✅ Vendas encontradas no model: 6
[26-Nov-2025 20:57:29 UTC] 🔍 Primeira venda do model: Array
(
    [id] => 8
    [produto_id] => 7
    [quantidade] => 90
    [preco_unitario] => 2.31
    [total_venda] => 207.90
    [data_venda] => 2025-11-26 17:22:26
    [usuario_id] => 1
    [observacoes] => 
    [estornada] => 0
    [usuario_estorno] => 
    [data_estorno] => 
    [produto_nome] => asfasd
    [sku] => 523543
)

[26-Nov-2025 20:57:29 UTC] 🎫 Vendas retornadas do service: 6
[26-Nov-2025 20:57:29 UTC] 🔍 VendaModel::tabelaExiste - Tabela 'vendas' existe: SIM
[26-Nov-2025 20:57:29 UTC] 📝 SQL totalVendasHoje: SELECT COALESCE(SUM(total_venda), 0) as total 
                    FROM vendas 
                    WHERE DATE(data_venda) = CURDATE() 
                    AND (estornada IS NULL OR estornada = 0)
[26-Nov-2025 20:57:29 UTC] 💰 VendaModel::totalVendasHoje - Total: 96711.29
[26-Nov-2025 20:57:29 UTC] 💰 Total hoje: 96711.29
[26-Nov-2025 20:57:29 UTC] Tentando carregar view: /var/www/site2.com/public_html/app/Controllers/../../src/views/vendas/index.php
[26-Nov-2025 20:57:29 UTC] View existe: SIM
